,TRADING_DAY,CLIENT_ID,CLIENT_NAME,EXCHANGE,EXCHANGE_ID,HOLD_ASSET,PRODUCT,DELIVERY_DAY,CURRENCY,NET_POSITION,LONG_POS,AVG_BUY_PRICE,SHORT_POS,AVG_SELL_PRICE,BUY_CHANGE,SELL_CHANGE,FUND_AVAIL,S_H,SETTLEMENT_PRICE,MARGIN,MTM_P_L,ACCUM_P_L,BUY_VOLUME,SELL_VOLUME,FEE,PAY_FEE,DAY_P_L,EXCHANGE_MARGIN,REALIZED_MTM_P_L,REALIZED_ACCUM_P_L,BOOK_VALUE,MARKET_VALUE_LONG,MARKET_VALUE_SHORT,NOTIONAL_VALUE,PREMIUM_PRICE,DIRECTION,LOTS
0,2017-09-29,100109999,做市商-中信中证资本,大商所,DCE,m1801,豆粕,1801,人民币,1266.0,1266.0,2782.151,0.0,0.0,-15.0,0.0,21382205.21,投,2751.0,3134489.4,-195500.0,-394370.0,260.0,275.0,803.16,802.5,-246170.0,3134489.4,-50670.0,-80660.0,0.0,0.0,0.0,0.0,0.0,0,0
1,2017-09-29,100109999,做市商-中信中证资本,大商所,DCE,m1805,豆粕,1805,人民币,553.0,553.0,2690.678,0.0,0.0,-51.0,0.0,21382205.21,投,2702.0,1344785.4,-90810.0,62610.0,12.0,63.0,112.6,112.5,-110260.0,1344785.4,-19450.0,18090.0,0.0,0.0,0.0,0.0,0.0,0,0
2,2017-09-29,100109999,做市商-中信中证资本,大商所,DCE,m1809,豆粕,1809,人民币,438.0,438.0,2733.856,0.0,0.0,35.0,0.0,21382205.21,投,2728.0,1075377.6,-65520.0,-25650.0,35.0,0.0,52.53,52.5,-65520.0,1075377.6,0.0,0.0,0.0,0.0,0.0,0.0,0.0,0,0
3,2017-09-29,100109999,做市商-中信中证资本,大商所,DCE,m1711-C-2400,豆粕期货期权,1711,人民币,10.0,10.0,410.0,0.0,0.0,10.0,0.0,21382205.21,投,400.0,0.0,0.0,0.0,10.0,0.0,10.0,10.0,0.0,0.0,0.0,0.0,2800.0,40000.0,0.0,278900.0,40000.0,0,10
4,2017-09-29,100109999,做市商-中信中证资本,大商所,DCE,m1711-C-2550,豆粕期货期权,1711,人民币,20.0,20.0,254.7,0.0,0.0,20.0,0.0,21382205.21,投,250.0,0.0,0.0,0.0,20.0,0.0,20.0,20.0,0.0,0.0,0.0,0.0,2800.0,50000.0,0.0,557800.0,50000.0,0,20
5,2017-09-29,100109999,做市商-中信中证资本,大商所,DCE,m1711-C-2600,豆粕期货期权,1711,人民币,30.0,40.0,234.85,10.0,152.0,20.0,0.0,21382205.21,投,200.0,45200.0,0.0,0.0,20.0,0.0,20.0,20.0,0.0,45200.0,0.0,0.0,2800.0,80000.0,20000.0,1115600.0,80000.0,0,40
6,2017-09-29,100109999,做市商-中信中证资本,大商所,DCE,m1711-C-2650,豆粕期货期权,1711,人民币,10.0,20.0,237.75,10.0,114.5,0.0,0.0,21382205.21,投,150.0,40200.0,0.0,0.0,0.0,0.0,0.0,0.0,0.0,40200.0,0.0,0.0,2800.0,30000.0,15000.0,557800.0,30000.0,0,20
7,2017-09-29,100109999,做市商-中信中证资本,大商所,DCE,m1711-C-2700,豆粕期货期权,1711,人民币,-32.0,30.0,62.833,62.0,78.952,0.0,20.0,21382205.21,投,101.5,219170.0,0.0,0.0,0.0,20.0,20.0,20.0,0.0,219170.0,0.0,0.0,2800.0,30450.0,62930.0,836700.0,30450.0,0,30
8,2017-09-29,100109999,做市商-中信中证资本,大商所,DCE,m1711-C-2750,豆粕期货期权,1711,人民币,-20.0,30.0,53.45,50.0,50.6,-10.0,20.0,21382205.21,投,58.0,155000.0,0.0,0.0,10.0,40.0,50.0,50.0,0.0,155000.0,0.0,0.0,2800.0,17400.0,29000.0,836700.0,17400.0,0,30
9,2017-09-29,100109999,做市商-中信中证资本,大商所,DCE,m1711-C-2800,豆粕期货期权,1711,人民币,-10.0,30.0,40.0,40.0,20.625,-10.0,10.0,21382205.21,投,26.0,111200.0,0.0,0.0,10.0,30.0,40.0,40.0,0.0,111200.0,0.0,0.0,2800.0,7800.0,10400.0,836700.0,7800.0,0,30
10,2017-09-29,100109999,做市商-中信中证资本,大商所,DCE,m1711-C-2850,豆粕期货期权,1711,人民币,0.0,30.0,132.667,30.0,21.567,0.0,-16.0,21382205.21,投,8.5,70650.0,0.0,0.0,16.0,0.0,16.0,16.0,0.0,70650.0,0.0,0.0,2800.0,2550.0,2550.0,836700.0,2550.0,0,30
11,2017-09-29,100109999,做市商-中信中证资本,大商所,DCE,m1711-C-2900,豆粕期货期权,1711,人民币,-19.0,30.0,101.5,49.0,48.327,0.0,0.0,21382205.21,投,2.0,99960.0,0.0,0.0,0.0,0.0,0.0,0.0,0.0,99960.0,0.0,0.0,2800.0,600.0,980.0,836700.0,600.0,0,30
12,2017-09-29,100109999,做市商-中信中证资本,大商所,DCE,m1711-C-2950,豆粕期货期权,1711,人民币,-19.0,30.0,97.833,49.0,49.327,0.0,0.0,21382205.21,投,0.5,86975.0,0.0,0.0,0.0,0.0,0.0,0.0,0.0,86975.0,0.0,0.0,2800.0,150.0,245.0,836700.0,150.0,0,30
13,2017-09-29,100109999,做市商-中信中证资本,大商所,DCE,m1711-C-3000,豆粕期货期权,1711,人民币,9.0,40.0,42.0,31.0,39.032,10.0,0.0,21382205.21,投,0.5,47275.0,0.0,0.0,10.0,0.0,10.0,10.0,0.0,47275.0,0.0,0.0,2800.0,200.0,155.0,1115600.0,200.0,0,40
14,2017-09-29,100109999,做市商-中信中证资本,大商所,DCE,m1711-C-3050,豆粕期货期权,1711,人民币,-11.0,29.0,55.138,40.0,33.25,0.0,0.0,21382205.21,投,0.5,51000.0,0.0,0.0,0.0,0.0,0.0,0.0,0.0,51000.0,0.0,0.0,2800.0,145.0,200.0,808810.0,145.0,0,29
15,2017-09-29,100109999,做市商-中信中证资本,大商所,DCE,m1711-C-3100,豆粕期货期权,1711,人民币,24.0,40.0,17.25,16.0,40.281,0.0,0.0,21382205.21,投,0.5,20240.0,0.0,0.0,0.0,0.0,0.0,0.0,0.0,20240.0,0.0,0.0,2800.0,200.0,80.0,1115600.0,200.0,0,40
16,2017-09-29,100109999,做市商-中信中证资本,大商所,DCE,m1711-C-3150,豆粕期货期权,1711,人民币,40.0,40.0,4.25,0.0,0.0,0.0,0.0,21382205.21,投,0.5,0.0,0.0,0.0,0.0,0.0,0.0,0.0,0.0,0.0,0.0,0.0,2800.0,200.0,0.0,1115600.0,200.0,0,40
17,2017-09-29,100109999,做市商-中信中证资本,大商所,DCE,m1711-P-2400,豆粕期货期权,1711,人民币,10.0,20.0,0.5,10.0,4.0,0.0,0.0,21382205.21,投,0.5,12650.0,0.0,0.0,0.0,0.0,0.0,0.0,0.0,12650.0,0.0,0.0,2800.0,100.0,50.0,557800.0,100.0,0,20
18,2017-09-29,100109999,做市商-中信中证资本,大商所,DCE,m1711-P-2450,豆粕期货期权,1711,人民币,1.0,11.0,2.0,10.0,17.0,0.0,0.0,21382205.21,投,0.5,12650.0,0.0,0.0,0.0,0.0,0.0,0.0,0.0,12650.0,0.0,0.0,2800.0,55.0,50.0,306790.0,55.0,0,11
19,2017-09-29,100109999,做市商-中信中证资本,大商所,DCE,m1711-P-2500,豆粕期货期权,1711,人民币,30.0,30.0,1.133,0.0,0.0,0.0,0.0,21382205.21,投,0.5,0.0,0.0,0.0,0.0,0.0,0.0,0.0,0.0,0.0,0.0,0.0,2800.0,150.0,0.0,836700.0,150.0,0,30
20,2017-09-29,100109999,做市商-中信中证资本,大商所,DCE,m1711-P-2550,豆粕期货期权,1711,人民币,32.0,40.0,3.25,8.0,10.5,0.0,0.0,21382205.21,投,0.5,10200.0,0.0,0.0,0.0,0.0,0.0,0.0,0.0,10200.0,0.0,0.0,2800.0,200.0,40.0,1115600.0,200.0,0,40
21,2017-09-29,100109999,做市商-中信中证资本,大商所,DCE,m1711-P-2600,豆粕期货期权,1711,人民币,7.0,47.0,46.319,40.0,22.875,0.0,0.0,21382205.21,投,0.5,61000.0,0.0,0.0,0.0,0.0,0.0,0.0,0.0,61000.0,0.0,0.0,2800.0,235.0,200.0,1310830.0,235.0,0,47
22,2017-09-29,100109999,做市商-中信中证资本,大商所,DCE,m1711-P-2650,豆粕期货期权,1711,人民币,-3.0,30.0,76.167,33.0,49.879,0.0,0.0,21382205.21,投,0.5,58575.0,0.0,0.0,0.0,0.0,0.0,0.0,0.0,58575.0,0.0,0.0,2800.0,150.0,165.0,836700.0,150.0,0,30
23,2017-09-29,100109999,做市商-中信中证资本,大商所,DCE,m1711-P-2700,豆粕期货期权,1711,人民币,20.0,40.0,30.375,20.0,75.75,0.0,0.0,21382205.21,投,1.5,40700.0,0.0,0.0,0.0,0.0,0.0,0.0,0.0,40700.0,0.0,0.0,2800.0,600.0,300.0,1115600.0,600.0,0,40
24,2017-09-29,100109999,做市商-中信中证资本,大商所,DCE,m1711-P-2750,豆粕期货期权,1711,人民币,30.0,60.0,10.967,30.0,46.667,10.0,0.0,21382205.21,投,8.0,70500.0,0.0,0.0,30.0,20.0,50.0,50.0,0.0,70500.0,0.0,0.0,2800.0,4800.0,2400.0,1673400.0,4800.0,0,60
25,2017-09-29,100109999,做市商-中信中证资本,大商所,DCE,m1711-P-2800,豆粕期货期权,1711,人民币,-10.0,30.0,30.333,40.0,46.238,-10.0,10.0,21382205.21,投,26.0,111200.0,0.0,0.0,1.0,21.0,22.0,22.0,0.0,111200.0,0.0,0.0,2800.0,7800.0,10400.0,836700.0,7800.0,0,30
26,2017-09-29,100109999,做市商-中信中证资本,大商所,DCE,m1711-P-2850,豆粕期货期权,1711,人民币,-10.0,20.0,44.75,30.0,85.0,-20.0,10.0,21382205.21,投,58.5,93150.0,0.0,0.0,0.0,30.0,30.0,30.0,0.0,93150.0,0.0,0.0,2800.0,11700.0,17550.0,557800.0,11700.0,0,20
27,2017-09-29,100109999,做市商-中信中证资本,大商所,DCE,m1712-C-2450,豆粕期货期权,1712,人民币,1.0,1.0,303.0,0.0,0.0,0.0,0.0,21382205.21,投,307.0,0.0,0.0,0.0,0.0,0.0,0.0,0.0,0.0,0.0,0.0,0.0,2757.0,3070.0,0.0,27560.0,3070.0,0,1
28,2017-09-29,100109999,做市商-中信中证资本,大商所,DCE,m1712-C-2500,豆粕期货期权,1712,人民币,1.0,1.0,355.0,0.0,0.0,0.0,0.0,21382205.21,投,257.0,0.0,0.0,0.0,0.0,0.0,0.0,0.0,0.0,0.0,0.0,0.0,2757.0,2570.0,0.0,27560.0,2570.0,0,1
29,2017-09-29,100109999,做市商-中信中证资本,大商所,DCE,m1712-C-2600,豆粕期货期权,1712,人民币,20.0,20.0,186.0,0.0,0.0,0.0,0.0,21382205.21,投,159.5,0.0,0.0,0.0,0.0,0.0,0.0,0.0,0.0,0.0,0.0,0.0,2757.0,31900.0,0.0,551200.0,31900.0,0,20
30,2017-09-29,100109999,做市商-中信中证资本,大商所,DCE,m1712-C-2650,豆粕期货期权,1712,人民币,25.0,36.0,133.319,11.0,251.045,0.0,0.0,21382205.21,投,115.0,39944.3,0.0,0.0,0.0,0.0,0.0,0.0,0.0,39944.3,0.0,0.0,2757.0,41400.0,12650.0,992160.0,41400.0,0,36
31,2017-09-29,100109999,做市商-中信中证资本,大商所,DCE,m1712-C-2700,豆粕期货期权,1712,人民币,14.0,30.0,77.333,16.0,94.156,-10.0,0.0,21382205.21,投,76.5,51940.8,0.0,0.0,0.0,10.0,10.0,10.0,0.0,51940.8,0.0,0.0,2757.0,22950.0,12240.0,826800.0,22950.0,0,30
32,2017-09-29,100109999,做市商-中信中证资本,大商所,DCE,m1712-C-2750,豆粕期货期权,1712,人民币,-55.0,34.0,50.235,89.0,63.989,0.0,10.0,21382205.21,投,46.0,261775.7,0.0,0.0,0.0,10.0,10.0,10.0,0.0,261775.7,0.0,0.0,2757.0,15640.0,40940.0,937040.0,15640.0,0,34
33,2017-09-29,100109999,做市商-中信中证资本,大商所,DCE,m1712-C-2800,豆粕期货期权,1712,人民币,22.0,60.0,31.2,38.0,36.711,-20.0,0.0,21382205.21,投,24.5,95429.4,0.0,0.0,0.0,20.0,20.0,20.0,0.0,95429.4,0.0,0.0,2757.0,14700.0,9310.0,1653600.0,14700.0,0,60
34,2017-09-29,100109999,做市商-中信中证资本,大商所,DCE,m1712-C-2850,豆粕期货期权,1712,人民币,-6.0,34.0,33.206,40.0,22.75,0.0,0.0,21382205.21,投,11.5,85252.0,0.0,0.0,0.0,0.0,0.0,0.0,0.0,85252.0,0.0,0.0,2757.0,3910.0,4600.0,937040.0,3910.0,0,34
35,2017-09-29,100109999,做市商-中信中证资本,大商所,DCE,m1712-C-2900,豆粕期货期权,1712,人民币,-7.0,33.0,36.212,40.0,44.05,0.0,0.0,21382205.21,投,4.5,72452.0,0.0,0.0,0.0,0.0,0.0,0.0,0.0,72452.0,0.0,0.0,2757.0,1485.0,1800.0,909480.0,1485.0,0,33
36,2017-09-29,100109999,做市商-中信中证资本,大商所,DCE,m1712-C-2950,豆粕期货期权,1712,人民币,-11.0,35.0,65.286,46.0,15.576,0.0,0.0,21382205.21,投,1.5,70439.8,0.0,0.0,0.0,0.0,0.0,0.0,0.0,70439.8,0.0,0.0,2757.0,525.0,690.0,964600.0,525.0,0,35
37,2017-09-29,100109999,做市商-中信中证资本,大商所,DCE,m1712-C-3000,豆粕期货期权,1712,人民币,0.0,35.0,46.357,35.0,9.943,0.0,0.0,21382205.21,投,0.5,44495.5,0.0,0.0,0.0,0.0,0.0,0.0,0.0,44495.5,0.0,0.0,2757.0,175.0,175.0,964600.0,175.0,0,35
38,2017-09-29,100109999,做市商-中信中证资本,大商所,DCE,m1712-C-3050,豆粕期货期权,1712,人民币,-64.0,37.0,50.824,101.0,16.267,0.0,0.0,21382205.21,投,0.5,125810.65,0.0,0.0,0.0,0.0,0.0,0.0,0.0,125810.65,0.0,0.0,2757.0,185.0,505.0,1019720.0,185.0,0,37
39,2017-09-29,100109999,做市商-中信中证资本,大商所,DCE,m1712-C-3100,豆粕期货期权,1712,人民币,-108.0,20.0,69.5,128.0,5.52,0.0,0.0,21382205.21,投,0.5,159443.2,0.0,0.0,0.0,0.0,0.0,0.0,0.0,159443.2,0.0,0.0,2757.0,100.0,640.0,551200.0,100.0,0,20
40,2017-09-29,100109999,做市商-中信中证资本,大商所,DCE,m1712-C-3150,豆粕期货期权,1712,人民币,1.0,22.0,54.682,21.0,30.976,0.0,0.0,21382205.21,投,0.5,26158.65,0.0,0.0,0.0,0.0,0.0,0.0,0.0,26158.65,0.0,0.0,2757.0,110.0,105.0,606320.0,110.0,0,22
41,2017-09-29,100109999,做市商-中信中证资本,大商所,DCE,m1712-C-3200,豆粕期货期权,1712,人民币,9.0,9.0,3.833,0.0,0.0,0.0,0.0,21382205.21,投,0.5,0.0,0.0,0.0,0.0,0.0,0.0,0.0,0.0,0.0,0.0,0.0,2757.0,45.0,0.0,248040.0,45.0,0,9
42,2017-09-29,100109999,做市商-中信中证资本,大商所,DCE,m1712-P-2450,豆粕期货期权,1712,人民币,7.0,27.0,2.722,20.0,15.0,0.0,0.0,21382205.21,投,0.5,24913.0,0.0,0.0,0.0,0.0,0.0,0.0,0.0,24913.0,0.0,0.0,2757.0,135.0,100.0,744120.0,135.0,0,27
43,2017-09-29,100109999,做市商-中信中证资本,大商所,DCE,m1712-P-2500,豆粕期货期权,1712,人民币,94.0,94.0,6.282,0.0,0.0,0.0,0.0,21382205.21,投,0.5,0.0,0.0,0.0,0.0,0.0,0.0,0.0,0.0,0.0,0.0,0.0,2757.0,470.0,0.0,2590640.0,470.0,0,94
44,2017-09-29,100109999,做市商-中信中证资本,大商所,DCE,m1712-P-2550,豆粕期货期权,1712,人民币,12.0,34.0,4.412,22.0,12.727,0.0,0.0,21382205.21,投,0.5,31928.6,0.0,0.0,0.0,0.0,0.0,0.0,0.0,31928.6,0.0,0.0,2757.0,170.0,110.0,937040.0,170.0,0,34
45,2017-09-29,100109999,做市商-中信中证资本,大商所,DCE,m1712-P-2600,豆粕期货期权,1712,人民币,3.0,36.0,7.5,33.0,22.197,0.0,0.0,21382205.21,投,2.5,56802.9,0.0,0.0,0.0,0.0,0.0,0.0,0.0,56802.9,0.0,0.0,2757.0,900.0,825.0,992160.0,900.0,0,36
46,2017-09-29,100109999,做市商-中信中证资本,大商所,DCE,m1712-P-2650,豆粕期货期权,1712,人民币,10.0,43.0,9.965,33.0,32.697,0.0,0.0,21382205.21,投,8.0,66867.9,0.0,0.0,0.0,0.0,0.0,0.0,0.0,66867.9,0.0,0.0,2757.0,3440.0,2640.0,1185080.0,3440.0,0,43
47,2017-09-29,100109999,做市商-中信中证资本,大商所,DCE,m1712-P-2700,豆粕期货期权,1712,人民币,73.0,93.0,21.892,20.0,54.75,0.0,0.0,21382205.21,投,19.5,47826.0,0.0,0.0,0.0,0.0,0.0,0.0,0.0,47826.0,0.0,0.0,2757.0,18135.0,3900.0,2563080.0,18135.0,0,93
48,2017-09-29,100109999,做市商-中信中证资本,大商所,DCE,m1712-P-2750,豆粕期货期权,1712,人民币,108.0,136.0,38.221,28.0,91.643,-40.0,0.0,21382205.21,投,39.0,79416.4,0.0,0.0,0.0,40.0,40.0,40.0,0.0,79416.4,0.0,0.0,2757.0,53040.0,10920.0,3748160.0,53040.0,0,136
49,2017-09-29,100109999,做市商-中信中证资本,大商所,DCE,m1712-P-2800,豆粕期货期权,1712,人民币,134.0,139.0,60.687,5.0,82.0,-10.0,0.0,21382205.21,投,67.5,15781.5,0.0,0.0,0.0,10.0,10.0,10.0,0.0,15781.5,0.0,0.0,2757.0,93825.0,3375.0,3830840.0,93825.0,0,139
50,2017-09-29,100109999,做市商-中信中证资本,大商所,DCE,m1712-P-2850,豆粕期货期权,1712,人民币,23.0,43.0,111.605,20.0,123.25,0.0,0.0,21382205.21,投,104.5,70526.0,0.0,0.0,0.0,0.0,0.0,0.0,0.0,70526.0,0.0,0.0,2757.0,44935.0,20900.0,1185080.0,44935.0,0,43
51,2017-09-29,100109999,做市商-中信中证资本,大商所,DCE,m1712-P-2950,豆粕期货期权,1712,人民币,10.0,20.0,232.75,10.0,203.5,0.0,0.0,21382205.21,投,194.5,44263.0,0.0,0.0,0.0,0.0,0.0,0.0,0.0,44263.0,0.0,0.0,2757.0,38900.0,19450.0,551200.0,38900.0,0,20
52,2017-09-29,100109999,做市商-中信中证资本,大商所,DCE,m1712-P-3000,豆粕期货期权,1712,人民币,20.0,20.0,268.0,0.0,0.0,0.0,0.0,21382205.21,投,243.5,0.0,0.0,0.0,0.0,0.0,0.0,0.0,0.0,0.0,0.0,0.0,2757.0,48700.0,0.0,551200.0,48700.0,0,20
53,2017-09-29,100109999,做市商-中信中证资本,大商所,DCE,m1712-P-3050,豆粕期货期权,1712,人民币,30.0,30.0,286.833,0.0,0.0,0.0,0.0,21382205.21,投,293.0,0.0,0.0,0.0,0.0,0.0,0.0,0.0,0.0,0.0,0.0,0.0,2757.0,87900.0,0.0,826800.0,87900.0,0,30
54,2017-09-29,100109999,做市商-中信中证资本,大商所,DCE,m1712-P-3100,豆粕期货期权,1712,人民币,30.0,30.0,334.333,0.0,0.0,0.0,0.0,21382205.21,投,343.0,0.0,0.0,0.0,0.0,0.0,0.0,0.0,0.0,0.0,0.0,0.0,2757.0,102900.0,0.0,826800.0,102900.0,0,30
55,2017-09-29,100109999,做市商-中信中证资本,大商所,DCE,m1712-P-3150,豆粕期货期权,1712,人民币,19.0,20.0,366.0,1.0,327.5,0.0,0.0,21382205.21,投,393.0,6411.3,0.0,0.0,0.0,0.0,0.0,0.0,0.0,6411.3,0.0,0.0,2757.0,78600.0,3930.0,551200.0,78600.0,0,20
56,2017-09-29,100109999,做市商-中信中证资本,大商所,DCE,m1801-C-2750,豆粕期货期权,1801,人民币,-433.0,30.0,110.167,463.0,73.998,0.0,175.0,21382205.21,投,83.5,1532946.7,0.0,0.0,5.0,180.0,185.0,185.0,0.0,1532946.7,0.0,0.0,2751.0,25050.0,386605.0,818700.0,25050.0,0,30
57,2017-09-29,100109999,做市商-中信中证资本,大商所,DCE,m1801-C-2800,豆粕期货期权,1801,人民币,-345.0,37.0,88.5,382.0,69.94,0.0,-15.0,21382205.21,投,61.5,1087133.8,0.0,0.0,105.0,90.0,195.0,195.0,0.0,1087133.8,0.0,0.0,2751.0,22755.0,234930.0,1009730.0,22755.0,0,37
58,2017-09-29,100109999,做市商-中信中证资本,大商所,DCE,m1801-C-2850,豆粕期货期权,1801,人民币,-474.0,35.0,80.386,509.0,52.641,0.0,74.0,21382205.21,投,44.0,1232238.1,0.0,0.0,68.0,142.0,210.0,210.0,0.0,1232238.1,0.0,0.0,2751.0,15400.0,223960.0,955150.0,15400.0,0,35
59,2017-09-29,100109999,做市商-中信中证资本,大商所,DCE,m1801-C-2900,豆粕期货期权,1801,人民币,-327.0,30.0,64.033,357.0,36.416,0.0,80.0,21382205.21,投,30.5,726816.3,0.0,0.0,29.0,109.0,138.0,138.0,0.0,726816.3,0.0,0.0,2751.0,9150.0,108885.0,818700.0,9150.0,0,30
60,2017-09-29,100109999,做市商-中信中证资本,大商所,DCE,m1801-C-2950,豆粕期货期权,1801,人民币,-164.0,36.0,58.722,200.0,31.293,0.0,17.0,21382205.21,投,20.5,337180.0,0.0,0.0,10.0,27.0,37.0,37.0,0.0,337180.0,0.0,0.0,2751.0,7380.0,41000.0,982440.0,7380.0,0,36
61,2017-09-29,100109999,做市商-中信中证资本,大商所,DCE,m1801-C-3000,豆粕期货期权,1801,人民币,-233.0,38.0,105.145,271.0,22.452,0.0,23.0,21382205.21,投,13.5,372069.45,0.0,0.0,28.0,51.0,79.0,79.0,0.0,372069.45,0.0,0.0,2751.0,5130.0,36585.0,1037020.0,5130.0,0,38
62,2017-09-29,100109999,做市商-中信中证资本,大商所,DCE,m1801-C-3050,豆粕期货期权,1801,人民币,-124.0,37.0,37.0,161.0,16.37,0.0,5.0,21382205.21,投,8.5,212994.95,0.0,0.0,28.0,33.0,61.0,61.0,0.0,212994.95,0.0,0.0,2751.0,3145.0,13685.0,1009730.0,3145.0,0,37
63,2017-09-29,100109999,做市商-中信中证资本,大商所,DCE,m1801-C-3100,豆粕期货期权,1801,人民币,-158.0,38.0,86.105,196.0,13.944,0.0,6.0,21382205.21,投,5.0,252438.2,0.0,0.0,21.0,27.0,48.0,48.0,0.0,252438.2,0.0,0.0,2751.0,1900.0,9800.0,1037020.0,1900.0,0,38
64,2017-09-29,100109999,做市商-中信中证资本,大商所,DCE,m1801-C-3150,豆粕期货期权,1801,人民币,-61.0,39.0,88.705,100.0,10.875,0.0,17.0,21382205.21,投,3.0,126795.0,0.0,0.0,20.0,37.0,57.0,57.0,0.0,126795.0,0.0,0.0,2751.0,1170.0,3000.0,1064310.0,1170.0,0,39
65,2017-09-29,100109999,做市商-中信中证资本,大商所,DCE,m1801-C-3200,豆粕期货期权,1801,人民币,-97.0,30.0,59.533,127.0,9.76,0.0,12.0,21382205.21,投,1.5,159124.65,0.0,0.0,29.0,41.0,70.0,70.0,0.0,159124.65,0.0,0.0,2751.0,450.0,1905.0,818700.0,450.0,0,30
66,2017-09-29,100109999,做市商-中信中证资本,大商所,DCE,m1801-P-2450,豆粕期货期权,1801,人民币,-1.0,37.0,10.446,38.0,8.711,6.0,-99.0,21382205.21,投,5.0,48942.1,0.0,0.0,147.0,42.0,189.0,189.0,0.0,48942.1,0.0,0.0,2751.0,1850.0,1900.0,1009730.0,1850.0,0,37
67,2017-09-29,100109999,做市商-中信中证资本,大商所,DCE,m1801-P-2500,豆粕期货期权,1801,人民币,-6.0,36.0,13.556,42.0,9.31,0.0,-61.0,21382205.21,投,9.5,55983.9,0.0,0.0,81.0,20.0,101.0,101.0,0.0,55983.9,0.0,0.0,2751.0,3420.0,3990.0,982440.0,3420.0,0,36
68,2017-09-29,100109999,做市商-中信中证资本,大商所,DCE,m1801-P-2550,豆粕期货期权,1801,人民币,37.0,74.0,14.595,37.0,22.432,35.0,-11.0,21382205.21,投,16.5,60528.3,0.0,0.0,99.0,53.0,152.0,152.0,0.0,60528.3,0.0,0.0,2751.0,12210.0,6105.0,2019460.0,12210.0,0,74
69,2017-09-29,100109999,做市商-中信中证资本,大商所,DCE,m1801-P-2600,豆粕期货期权,1801,人民币,4.0,43.0,20.186,39.0,22.346,-16.0,0.0,21382205.21,投,26.5,77450.1,0.0,0.0,37.0,53.0,90.0,90.0,0.0,77450.1,0.0,0.0,2751.0,11395.0,10335.0,1173470.0,11395.0,0,43
70,2017-09-29,100109999,做市商-中信中证资本,大商所,DCE,m1801-P-2650,豆粕期货期权,1801,人民币,102.0,114.0,33.75,12.0,52.667,-3.0,0.0,21382205.21,投,40.5,28510.8,0.0,0.0,91.0,94.0,185.0,185.0,0.0,28510.8,0.0,0.0,2751.0,46170.0,4860.0,3111060.0,46170.0,0,114
71,2017-09-29,100109999,做市商-中信中证资本,大商所,DCE,m1801-P-2700,豆粕期货期权,1801,人民币,84.0,116.0,46.44,32.0,75.688,-12.0,0.0,21382205.21,投,59.0,89948.8,0.0,0.0,63.0,75.0,138.0,138.0,0.0,89948.8,0.0,0.0,2751.0,68440.0,18880.0,3165640.0,68440.0,0,116
72,2017-09-29,100109999,做市商-中信中证资本,大商所,DCE,m1801-P-2750,豆粕期货期权,1801,人民币,64.0,99.0,60.02,35.0,67.886,-16.0,0.0,21382205.21,投,82.5,115356.5,0.0,0.0,14.0,30.0,44.0,44.0,0.0,115356.5,0.0,0.0,2751.0,81675.0,28875.0,2701710.0,81675.0,0,99
73,2017-09-29,100109999,做市商-中信中证资本,大商所,DCE,m1801-P-2800,豆粕期货期权,1801,人民币,-56.0,38.0,117.566,94.0,116.66,0.0,0.0,21382205.21,投,110.5,336604.6,0.0,0.0,0.0,0.0,0.0,0.0,0.0,336604.6,0.0,0.0,2751.0,41990.0,103870.0,1037020.0,41990.0,0,38
74,2017-09-29,100109999,做市商-中信中证资本,大商所,DCE,m1801-P-2850,豆粕期货期权,1801,人民币,-58.0,31.0,161.403,89.0,151.713,0.0,0.0,21382205.21,投,142.5,347180.1,0.0,0.0,0.0,0.0,0.0,0.0,0.0,347180.1,0.0,0.0,2751.0,44175.0,126825.0,845990.0,44175.0,0,31
75,2017-09-29,100109999,做市商-中信中证资本,大商所,DCE,m1801-P-2900,豆粕期货期权,1801,人民币,-80.0,1.0,129.0,81.0,155.889,0.0,0.0,21382205.21,投,179.0,345537.9,0.0,0.0,0.0,0.0,0.0,0.0,0.0,345537.9,0.0,0.0,2751.0,1790.0,144990.0,27290.0,1790.0,0,1
76,2017-09-29,100109999,做市商-中信中证资本,大商所,DCE,m1801-P-2950,豆粕期货期权,1801,人民币,-77.0,10.0,193.5,87.0,148.109,0.0,0.0,21382205.21,投,219.0,405933.3,0.0,0.0,0.0,0.0,0.0,0.0,0.0,405933.3,0.0,0.0,2751.0,21900.0,190530.0,272900.0,21900.0,0,10
77,2017-09-29,100109999,做市商-中信中证资本,大商所,DCE,m1801-P-3000,豆粕期货期权,1801,人民币,-85.0,10.0,204.0,95.0,216.121,0.0,-1.0,21382205.21,投,262.0,484110.5,0.0,0.0,1.0,0.0,1.0,1.0,0.0,484110.5,0.0,0.0,2751.0,26200.0,248900.0,272900.0,26200.0,0,10
78,2017-09-29,100109999,做市商-中信中证资本,大商所,DCE,m1801-P-3150,豆粕期货期权,1801,人民币,-1.0,1.0,344.5,2.0,272.5,0.0,0.0,21382205.21,投,401.5,12981.8,0.0,0.0,0.0,0.0,0.0,0.0,0.0,12981.8,0.0,0.0,2751.0,4015.0,8030.0,27290.0,4015.0,0,1
79,2017-09-29,100109999,做市商-中信中证资本,大商所,DCE,m1803-C-2650,豆粕期货期权,1803,人民币,-70.0,30.0,186.833,100.0,139.37,0.0,0.0,21382205.21,投,171.0,418320.0,0.0,0.0,0.0,0.0,0.0,0.0,0.0,418320.0,0.0,0.0,2748.0,51300.0,171000.0,822900.0,51300.0,0,30
80,2017-09-29,100109999,做市商-中信中证资本,大商所,DCE,m1803-C-2700,豆粕期货期权,1803,人民币,-38.0,30.0,276.0,68.0,135.382,0.0,0.0,21382205.21,投,142.5,265077.6,0.0,0.0,0.0,0.0,0.0,0.0,0.0,265077.6,0.0,0.0,2748.0,42750.0,96900.0,822900.0,42750.0,0,30
81,2017-09-29,100109999,做市商-中信中证资本,大商所,DCE,m1803-C-2750,豆粕期货期权,1803,人民币,-16.0,30.0,186.333,46.0,101.043,0.0,0.0,21382205.21,投,117.0,167127.2,0.0,0.0,0.0,0.0,0.0,0.0,0.0,167127.2,0.0,0.0,2748.0,35100.0,53820.0,822900.0,35100.0,0,30
82,2017-09-29,100109999,做市商-中信中证资本,大商所,DCE,m1803-C-2800,豆粕期货期权,1803,人民币,-10.0,30.0,219.0,40.0,81.25,0.0,0.0,21382205.21,投,95.0,126528.0,0.0,0.0,0.0,0.0,0.0,0.0,0.0,126528.0,0.0,0.0,2748.0,28500.0,38000.0,822900.0,28500.0,0,30
83,2017-09-29,100109999,做市商-中信中证资本,大商所,DCE,m1803-C-2850,豆粕期货期权,1803,人民币,-25.0,38.0,109.263,63.0,88.175,0.0,0.0,21382205.21,投,76.5,171876.6,0.0,0.0,0.0,0.0,0.0,0.0,0.0,171876.6,0.0,0.0,2748.0,29070.0,48195.0,1042340.0,29070.0,0,38
84,2017-09-29,100109999,做市商-中信中证资本,大商所,DCE,m1803-C-2900,豆粕期货期权,1803,人民币,-12.0,36.0,118.222,48.0,61.542,0.0,0.0,21382205.21,投,60.5,111273.6,0.0,0.0,0.0,0.0,0.0,0.0,0.0,111273.6,0.0,0.0,2748.0,21780.0,29040.0,987480.0,21780.0,0,36
85,2017-09-29,100109999,做市商-中信中证资本,大商所,DCE,m1803-C-2950,豆粕期货期权,1803,人民币,-14.0,20.0,143.25,34.0,47.647,0.0,0.0,21382205.21,投,47.0,65728.8,0.0,0.0,0.0,0.0,0.0,0.0,0.0,65728.8,0.0,0.0,2748.0,9400.0,15980.0,548600.0,9400.0,0,20
86,2017-09-29,100109999,做市商-中信中证资本,大商所,DCE,m1803-C-3000,豆粕期货期权,1803,人民币,-8.0,30.0,98.0,38.0,46.711,10.0,0.0,21382205.21,投,36.5,60860.8,0.0,0.0,10.0,0.0,10.0,10.0,0.0,60860.8,0.0,0.0,2748.0,10950.0,13870.0,822900.0,10950.0,0,30
87,2017-09-29,100109999,做市商-中信中证资本,大商所,DCE,m1803-C-3050,豆粕期货期权,1803,人民币,-10.0,30.0,87.833,40.0,36.875,0.0,-10.0,21382205.21,投,28.0,60664.0,0.0,0.0,10.0,0.0,10.0,10.0,0.0,60664.0,0.0,0.0,2748.0,8400.0,11200.0,822900.0,8400.0,0,30
88,2017-09-29,100109999,做市商-中信中证资本,大商所,DCE,m1803-C-3100,豆粕期货期权,1803,人民币,37.0,67.0,36.672,30.0,48.667,10.0,0.0,21382205.21,投,21.0,43398.0,0.0,0.0,10.0,0.0,10.0,10.0,0.0,43398.0,0.0,0.0,2748.0,14070.0,6300.0,1837810.0,14070.0,0,67
89,2017-09-29,100109999,做市商-中信中证资本,大商所,DCE,m1803-P-2400,豆粕期货期权,1803,人民币,-22.0,10.0,12.0,32.0,13.406,0.0,2.0,21382205.21,投,14.0,44051.2,0.0,0.0,0.0,2.0,2.0,2.0,0.0,44051.2,0.0,0.0,2748.0,1400.0,4480.0,274300.0,1400.0,0,10
90,2017-09-29,100109999,做市商-中信中证资本,大商所,DCE,m1803-P-2450,豆粕期货期权,1803,人民币,-13.0,20.0,20.25,33.0,22.515,0.0,0.0,21382205.21,投,20.5,47572.8,0.0,0.0,0.0,0.0,0.0,0.0,0.0,47572.8,0.0,0.0,2748.0,4100.0,6765.0,548600.0,4100.0,0,20
91,2017-09-29,100109999,做市商-中信中证资本,大商所,DCE,m1803-P-2500,豆粕期货期权,1803,人民币,-1.0,30.0,33.167,31.0,32.274,0.0,0.0,21382205.21,投,29.5,47479.6,0.0,0.0,0.0,0.0,0.0,0.0,0.0,47479.6,0.0,0.0,2748.0,8850.0,9145.0,822900.0,8850.0,0,30
92,2017-09-29,100109999,做市商-中信中证资本,大商所,DCE,m1803-P-2550,豆粕期货期权,1803,人民币,-21.0,34.0,41.941,55.0,48.864,0.0,0.0,21382205.21,投,41.5,104401.0,0.0,0.0,0.0,0.0,0.0,0.0,0.0,104401.0,0.0,0.0,2748.0,14110.0,22825.0,932620.0,14110.0,0,34
93,2017-09-29,100109999,做市商-中信中证资本,大商所,DCE,m1803-P-2600,豆粕期货期权,1803,人民币,-22.0,30.0,51.0,52.0,66.423,0.0,0.0,21382205.21,投,56.0,119246.4,0.0,0.0,0.0,0.0,0.0,0.0,0.0,119246.4,0.0,0.0,2748.0,16800.0,29120.0,822900.0,16800.0,0,30
94,2017-09-29,100109999,做市商-中信中证资本,大商所,DCE,m1803-P-2650,豆粕期货期权,1803,人民币,-21.0,37.0,63.541,58.0,47.121,0.0,10.0,21382205.21,投,73.5,157655.6,0.0,0.0,0.0,10.0,10.0,10.0,0.0,157655.6,0.0,0.0,2748.0,27195.0,42630.0,1014910.0,27195.0,0,37
95,2017-09-29,100109999,做市商-中信中证资本,大商所,DCE,m1803-P-2700,豆粕期货期权,1803,人民币,-12.0,33.0,103.364,45.0,58.111,0.0,0.0,21382205.21,投,95.0,143244.0,0.0,0.0,0.0,0.0,0.0,0.0,0.0,143244.0,0.0,0.0,2748.0,31350.0,42750.0,905190.0,31350.0,0,33
96,2017-09-29,100109999,做市商-中信中证资本,大商所,DCE,m1803-P-2750,豆粕期货期权,1803,人民币,-10.0,30.0,125.667,40.0,119.375,0.0,0.0,21382205.21,投,119.0,146528.0,0.0,0.0,0.0,0.0,0.0,0.0,0.0,146528.0,0.0,0.0,2748.0,35700.0,47600.0,822900.0,35700.0,0,30
97,2017-09-29,100109999,做市商-中信中证资本,大商所,DCE,m1803-P-2800,豆粕期货期权,1803,人民币,21.0,40.0,162.75,19.0,197.526,0.0,0.0,21382205.21,投,147.0,74920.8,0.0,0.0,0.0,0.0,0.0,0.0,0.0,74920.8,0.0,0.0,2748.0,58800.0,27930.0,1097200.0,58800.0,0,40
98,2017-09-29,100109999,做市商-中信中证资本,大商所,DCE,m1803-P-2850,豆粕期货期权,1803,人民币,36.0,36.0,187.333,0.0,0.0,0.0,0.0,21382205.21,投,178.0,0.0,0.0,0.0,0.0,0.0,0.0,0.0,0.0,0.0,0.0,0.0,2748.0,64080.0,0.0,987480.0,64080.0,0,36
99,2017-09-29,100109999,做市商-中信中证资本,大商所,DCE,m1803-P-2900,豆粕期货期权,1803,人民币,20.0,30.0,228.5,10.0,259.5,0.0,0.0,21382205.21,投,211.5,45882.0,0.0,0.0,0.0,0.0,0.0,0.0,0.0,45882.0,0.0,0.0,2748.0,63450.0,21150.0,822900.0,63450.0,0,30
100,2017-09-29,100109999,做市商-中信中证资本,大商所,DCE,m1803-P-2950,豆粕期货期权,1803,人民币,40.0,40.0,255.5,0.0,0.0,0.0,0.0,21382205.21,投,248.5,0.0,0.0,0.0,0.0,0.0,0.0,0.0,0.0,0.0,0.0,0.0,2748.0,99400.0,0.0,1097200.0,99400.0,0,40
101,2017-09-29,100109999,做市商-中信中证资本,大商所,DCE,m1803-P-3000,豆粕期货期权,1803,人民币,20.0,20.0,324.25,0.0,0.0,0.0,0.0,21382205.21,投,287.5,0.0,0.0,0.0,0.0,0.0,0.0,0.0,0.0,0.0,0.0,0.0,2748.0,57500.0,0.0,548600.0,57500.0,0,20
102,2017-09-29,100109999,做市商-中信中证资本,大商所,DCE,m1803-P-3050,豆粕期货期权,1803,人民币,10.0,30.0,329.667,20.0,337.0,0.0,0.0,21382205.21,投,328.5,115164.0,0.0,0.0,0.0,0.0,0.0,0.0,0.0,115164.0,0.0,0.0,2748.0,98550.0,65700.0,822900.0,98550.0,0,30
103,2017-09-29,100109999,做市商-中信中证资本,大商所,DCE,m1803-P-3100,豆粕期货期权,1803,人民币,30.0,30.0,366.333,0.0,0.0,0.0,0.0,21382205.21,投,371.5,0.0,0.0,0.0,0.0,0.0,0.0,0.0,0.0,0.0,0.0,0.0,2748.0,111450.0,0.0,822900.0,111450.0,0,30
104,2017-09-29,100109999,做市商-中信中证资本,大商所,DCE,m1805-C-2550,豆粕期货期权,1805,人民币,-1.0,10.0,324.5,11.0,302.727,0.0,0.0,21382205.21,投,221.5,51114.8,0.0,0.0,0.0,0.0,0.0,0.0,0.0,51114.8,0.0,0.0,2702.0,22150.0,24365.0,268500.0,22150.0,0,10
105,2017-09-29,100109999,做市商-中信中证资本,大商所,DCE,m1805-C-2700,豆粕期货期权,1805,人民币,-142.0,2.0,122.0,144.0,127.316,0.0,1.0,21382205.21,投,137.0,547459.2,0.0,0.0,0.0,1.0,1.0,1.0,0.0,547459.2,0.0,0.0,2702.0,2740.0,197280.0,53700.0,2740.0,0,2
106,2017-09-29,100109999,做市商-中信中证资本,大商所,DCE,m1805-C-2750,豆粕期货期权,1805,人民币,-67.0,13.0,95.962,80.0,104.231,0.0,-2.0,21382205.21,投,115.0,267344.0,0.0,0.0,12.0,10.0,22.0,22.0,0.0,267344.0,0.0,0.0,2702.0,14950.0,92000.0,349050.0,14950.0,0,13
107,2017-09-29,100109999,做市商-中信中证资本,大商所,DCE,m1805-C-2800,豆粕期货期权,1805,人民币,-80.0,30.0,104.083,110.0,90.209,0.0,10.0,21382205.21,投,95.5,318648.0,0.0,0.0,0.0,10.0,10.0,10.0,0.0,318648.0,0.0,0.0,2702.0,28650.0,105050.0,805500.0,28650.0,0,30
108,2017-09-29,100109999,做市商-中信中证资本,大商所,DCE,m1805-C-2850,豆粕期货期权,1805,人民币,-70.0,34.0,99.206,104.0,78.755,0.0,0.0,21382205.21,投,78.5,257587.2,0.0,0.0,10.0,10.0,20.0,20.0,0.0,257587.2,0.0,0.0,2702.0,26690.0,81640.0,912900.0,26690.0,0,34
109,2017-09-29,100109999,做市商-中信中证资本,大商所,DCE,m1805-C-2900,豆粕期货期权,1805,人民币,-73.0,34.0,102.882,107.0,68.505,0.0,9.0,21382205.21,投,64.0,222752.6,0.0,0.0,12.0,21.0,33.0,33.0,0.0,222752.6,0.0,0.0,2702.0,21760.0,68480.0,912900.0,21760.0,0,34
110,2017-09-29,100109999,做市商-中信中证资本,大商所,DCE,m1805-C-2950,豆粕期货期权,1805,人民币,-127.0,32.0,88.813,159.0,62.962,0.0,5.0,21382205.21,投,51.5,275213.1,0.0,0.0,10.0,15.0,25.0,25.0,0.0,275213.1,0.0,0.0,2702.0,16480.0,81885.0,859200.0,16480.0,0,32
111,2017-09-29,100109999,做市商-中信中证资本,大商所,DCE,m1805-C-3000,豆粕期货期权,1805,人民币,-15.0,30.0,64.75,45.0,51.356,0.0,-82.0,21382205.21,投,41.5,73390.5,0.0,0.0,103.0,21.0,124.0,124.0,0.0,73390.5,0.0,0.0,2702.0,12450.0,18675.0,805500.0,12450.0,0,30
112,2017-09-29,100109999,做市商-中信中证资本,大商所,DCE,m1805-C-3050,豆粕期货期权,1805,人民币,70.0,105.0,38.452,35.0,43.629,105.0,-30.0,21382205.21,投,33.0,54106.5,0.0,0.0,145.0,10.0,155.0,155.0,0.0,54106.5,0.0,0.0,2702.0,34650.0,11550.0,2819250.0,34650.0,0,105
113,2017-09-29,100109999,做市商-中信中证资本,大商所,DCE,m1805-C-3100,豆粕期货期权,1805,人民币,-48.0,34.0,36.353,82.0,36.476,0.0,-54.0,21382205.21,投,26.0,121023.8,0.0,0.0,80.0,26.0,106.0,106.0,0.0,121023.8,0.0,0.0,2702.0,8840.0,21320.0,912900.0,8840.0,0,34
114,2017-09-29,100109999,做市商-中信中证资本,大商所,DCE,m1805-P-2400,豆粕期货期权,1805,人民币,168.0,191.0,18.168,23.0,38.174,-6.0,0.0,21382205.21,投,30.5,34980.7,0.0,0.0,14.0,20.0,34.0,34.0,0.0,34980.7,0.0,0.0,2702.0,58255.0,7015.0,5128350.0,58255.0,0,191
115,2017-09-29,100109999,做市商-中信中证资本,大商所,DCE,m1805-P-2450,豆粕期货期权,1805,人民币,170.0,200.0,27.78,30.0,71.0,7.0,0.0,21382205.21,投,41.0,48777.0,0.0,0.0,20.0,13.0,33.0,33.0,0.0,48777.0,0.0,0.0,2702.0,82000.0,12300.0,5370000.0,82000.0,0,200
116,2017-09-29,100109999,做市商-中信中证资本,大商所,DCE,m1805-P-2500,豆粕期货期权,1805,人民币,81.0,113.0,37.235,32.0,35.891,45.0,0.0,21382205.21,投,54.5,62937.6,0.0,0.0,55.0,10.0,65.0,65.0,0.0,62937.6,0.0,0.0,2702.0,61585.0,17440.0,3034050.0,61585.0,0,113
117,2017-09-29,100109999,做市商-中信中证资本,大商所,DCE,m1805-P-2550,豆粕期货期权,1805,人民币,78.0,109.0,50.619,31.0,102.758,1.0,0.0,21382205.21,投,70.0,73525.8,0.0,0.0,11.0,10.0,21.0,21.0,0.0,73525.8,0.0,0.0,2702.0,76300.0,21700.0,2926650.0,76300.0,0,109
118,2017-09-29,100109999,做市商-中信中证资本,大商所,DCE,m1805-P-2600,豆粕期货期权,1805,人民币,97.0,135.0,70.03,38.0,79.079,43.0,0.0,21382205.21,投,89.0,106848.4,0.0,0.0,63.0,20.0,83.0,83.0,0.0,106848.4,0.0,0.0,2702.0,120150.0,33820.0,3624750.0,120150.0,0,135
119,2017-09-29,100109999,做市商-中信中证资本,大商所,DCE,m1805-P-2650,豆粕期货期权,1805,人民币,65.0,101.0,102.069,36.0,109.653,-10.0,0.0,21382205.21,投,110.5,117964.8,0.0,0.0,0.0,10.0,10.0,10.0,0.0,117964.8,0.0,0.0,2702.0,111605.0,39780.0,2711850.0,111605.0,0,101
120,2017-09-29,100109999,做市商-中信中证资本,大商所,DCE,m1805-P-2700,豆粕期货期权,1805,人民币,76.0,93.0,125.925,17.0,135.706,20.0,0.0,21382205.21,投,135.0,64120.6,0.0,0.0,30.0,10.0,40.0,40.0,0.0,64120.6,0.0,0.0,2702.0,125550.0,22950.0,2497050.0,125550.0,0,93
121,2017-09-29,100109999,做市商-中信中证资本,大商所,DCE,m1805-P-2750,豆粕期货期权,1805,人民币,24.0,61.0,147.197,37.0,134.108,0.0,0.0,21382205.21,投,162.5,150101.6,0.0,0.0,0.0,0.0,0.0,0.0,0.0,150101.6,0.0,0.0,2702.0,99125.0,60125.0,1637850.0,99125.0,0,61
122,2017-09-29,100109999,做市商-中信中证资本,大商所,DCE,m1805-P-2950,豆粕期货期权,1805,人民币,9.0,10.0,309.0,1.0,343.5,0.0,0.0,21382205.21,投,298.5,5416.8,0.0,0.0,0.0,0.0,0.0,0.0,0.0,5416.8,0.0,0.0,2702.0,29850.0,2985.0,268500.0,29850.0,0,10
123,2017-09-29,100109999,做市商-中信中证资本,大商所,DCE,m1805-P-3000,豆粕期货期权,1805,人民币,10.0,10.0,345.5,0.0,0.0,0.0,0.0,21382205.21,投,338.0,0.0,0.0,0.0,0.0,0.0,0.0,0.0,0.0,0.0,0.0,0.0,2702.0,33800.0,0.0,268500.0,33800.0,0,10
124,2017-09-29,100109999,做市商-中信中证资本,大商所,DCE,m1805-P-3050,豆粕期货期权,1805,人民币,10.0,10.0,383.0,0.0,0.0,0.0,0.0,21382205.21,投,379.0,0.0,0.0,0.0,0.0,0.0,0.0,0.0,0.0,0.0,0.0,0.0,2702.0,37900.0,0.0,268500.0,37900.0,0,10
125,2017-09-29,100109999,做市商-中信中证资本,大商所,DCE,m1805-P-3100,豆粕期货期权,1805,人民币,30.0,30.0,410.167,0.0,0.0,0.0,0.0,21382205.21,投,422.0,0.0,0.0,0.0,0.0,0.0,0.0,0.0,0.0,0.0,0.0,0.0,2702.0,126600.0,0.0,805500.0,126600.0,0,30
126,2017-09-29,100109999,做市商-中信中证资本,大商所,DCE,m1807-C-2450,豆粕期货期权,1807,人民币,60.0,60.0,288.917,0.0,0.0,0.0,0.0,21382205.21,投,322.5,0.0,0.0,0.0,0.0,0.0,0.0,0.0,0.0,0.0,0.0,0.0,2732.0,193500.0,0.0,1637400.0,193500.0,0,60
127,2017-09-29,100109999,做市商-中信中证资本,大商所,DCE,m1807-C-2750,豆粕期货期权,1807,人民币,20.0,20.0,163.5,0.0,0.0,20.0,0.0,21382205.21,投,139.5,0.0,0.0,0.0,20.0,0.0,20.0,20.0,0.0,0.0,0.0,0.0,2732.0,27900.0,0.0,545800.0,27900.0,0,20
128,2017-09-29,100109999,做市商-中信中证资本,大商所,DCE,m1807-C-2900,豆粕期货期权,1807,人民币,10.0,30.0,103.333,20.0,93.25,20.0,0.0,21382205.21,投,83.5,49076.0,0.0,0.0,20.0,0.0,20.0,20.0,0.0,49076.0,0.0,0.0,2732.0,25050.0,16700.0,818700.0,25050.0,0,30
129,2017-09-29,100109999,做市商-中信中证资本,大商所,DCE,m1807-C-2950,豆粕期货期权,1807,人民币,10.0,20.0,87.5,10.0,82.5,20.0,0.0,21382205.21,投,69.0,20588.0,0.0,0.0,20.0,0.0,20.0,20.0,0.0,20588.0,0.0,0.0,2732.0,13800.0,6900.0,545800.0,13800.0,0,20
130,2017-09-29,100109999,做市商-中信中证资本,大商所,DCE,m1807-C-3000,豆粕期货期权,1807,人民币,15.0,45.0,72.167,30.0,62.0,30.0,0.0,21382205.21,投,57.0,53982.0,0.0,0.0,30.0,0.0,30.0,30.0,0.0,53982.0,0.0,0.0,2732.0,25650.0,17100.0,1228050.0,25650.0,0,45
131,2017-09-29,100109999,做市商-中信中证资本,大商所,DCE,m1807-P-2450,豆粕期货期权,1807,人民币,-30.0,20.0,47.5,50.0,38.9,0.0,20.0,21382205.21,投,42.5,82720.0,0.0,0.0,0.0,20.0,20.0,20.0,0.0,82720.0,0.0,0.0,2732.0,8500.0,21250.0,545800.0,8500.0,0,20
132,2017-09-29,100109999,做市商-中信中证资本,大商所,DCE,m1807-P-2550,豆粕期货期权,1807,人民币,-20.0,10.0,54.5,30.0,52.833,0.0,20.0,21382205.21,投,70.5,67614.0,0.0,0.0,0.0,20.0,20.0,20.0,0.0,67614.0,0.0,0.0,2732.0,7050.0,21150.0,272900.0,7050.0,0,10
133,2017-09-29,100109999,做市商-中信中证资本,大商所,DCE,m1807-P-2650,豆粕期货期权,1807,人民币,0.0,10.0,78.5,10.0,92.5,0.0,10.0,21382205.21,投,108.5,31338.0,0.0,0.0,0.0,10.0,10.0,10.0,0.0,31338.0,0.0,0.0,2732.0,10850.0,10850.0,272900.0,10850.0,0,10
134,2017-09-29,100109999,做市商-中信中证资本,大商所,DCE,m1807-P-2700,豆粕期货期权,1807,人民币,20.0,20.0,131.5,0.0,0.0,20.0,0.0,21382205.21,投,131.5,0.0,0.0,0.0,20.0,0.0,20.0,20.0,0.0,0.0,0.0,0.0,2732.0,26300.0,0.0,545800.0,26300.0,0,20
135,2017-09-29,100109999,做市商-中信中证资本,大商所,DCE,m1808-C-2700,豆粕期货期权,1808,人民币,0.0,10.0,149.0,10.0,145.5,0.0,10.0,21382205.21,投,155.5,40147.0,0.0,0.0,0.0,10.0,10.0,10.0,0.0,40147.0,0.0,0.0,2733.0,15550.0,15550.0,273000.0,15550.0,0,10
136,2017-09-29,100109999,做市商-中信中证资本,大商所,DCE,m1808-C-2750,豆粕期货期权,1808,人民币,-20.0,10.0,132.0,30.0,129.0,0.0,20.0,21382205.21,投,131.5,110691.0,0.0,0.0,0.0,20.0,20.0,20.0,0.0,110691.0,0.0,0.0,2733.0,13150.0,39450.0,273000.0,13150.0,0,10
137,2017-09-29,100109999,做市商-中信中证资本,大商所,DCE,m1808-C-2800,豆粕期货期权,1808,人民币,-2.0,30.0,122.833,32.0,117.281,10.0,10.0,21382205.21,投,110.0,103190.4,0.0,0.0,10.0,10.0,20.0,20.0,0.0,103190.4,0.0,0.0,2733.0,33000.0,35200.0,819000.0,33000.0,0,30
138,2017-09-29,100109999,做市商-中信中证资本,大商所,DCE,m1808-C-2850,豆粕期货期权,1808,人民币,10.0,20.0,105.25,10.0,104.5,10.0,0.0,21382205.21,投,91.5,27897.0,0.0,0.0,10.0,0.0,10.0,10.0,0.0,27897.0,0.0,0.0,2733.0,18300.0,9150.0,546000.0,18300.0,0,20
139,2017-09-29,100109999,做市商-中信中证资本,大商所,DCE,m1808-C-2900,豆粕期货期权,1808,人民币,10.0,20.0,106.75,10.0,94.0,20.0,0.0,21382205.21,投,75.5,23797.0,0.0,0.0,20.0,0.0,20.0,20.0,0.0,23797.0,0.0,0.0,2733.0,15100.0,7550.0,546000.0,15100.0,0,20
140,2017-09-29,100109999,做市商-中信中证资本,大商所,DCE,m1808-C-2950,豆粕期货期权,1808,人民币,-30.0,20.0,90.0,50.0,75.7,0.0,20.0,21382205.21,投,62.0,99735.0,0.0,0.0,0.0,20.0,20.0,20.0,0.0,99735.0,0.0,0.0,2733.0,12400.0,31000.0,546000.0,12400.0,0,20
141,2017-09-29,100109999,做市商-中信中证资本,大商所,DCE,m1808-C-3000,豆粕期货期权,1808,人民币,-10.0,10.0,78.0,20.0,50.25,0.0,20.0,21382205.21,投,50.0,34597.0,0.0,0.0,0.0,20.0,20.0,20.0,0.0,34597.0,0.0,0.0,2733.0,5000.0,10000.0,273000.0,5000.0,0,10
142,2017-09-29,100109999,做市商-中信中证资本,大商所,DCE,m1808-P-2450,豆粕期货期权,1808,人民币,-20.0,30.0,48.5,50.0,34.8,0.0,10.0,21382205.21,投,36.5,79742.5,0.0,0.0,0.0,10.0,10.0,10.0,0.0,79742.5,0.0,0.0,2733.0,10950.0,18250.0,819000.0,10950.0,0,30
143,2017-09-29,100109999,做市商-中信中证资本,大商所,DCE,m1808-P-2500,豆粕期货期权,1808,人民币,-30.0,20.0,66.0,50.0,46.9,0.0,20.0,21382205.21,投,48.5,88985.0,0.0,0.0,0.0,20.0,20.0,20.0,0.0,88985.0,0.0,0.0,2733.0,9700.0,24250.0,546000.0,9700.0,0,20
144,2017-09-29,100109999,做市商-中信中证资本,大商所,DCE,m1808-P-2550,豆粕期货期权,1808,人民币,20.0,30.0,53.5,10.0,72.0,10.0,0.0,21382205.21,投,63.0,21747.0,0.0,0.0,10.0,0.0,10.0,10.0,0.0,21747.0,0.0,0.0,2733.0,18900.0,6300.0,819000.0,18900.0,0,30
145,2017-09-29,100109999,做市商-中信中证资本,大商所,DCE,m1808-P-2600,豆粕期货期权,1808,人民币,-10.0,20.0,88.0,30.0,90.5,20.0,0.0,21382205.21,投,80.0,77841.0,0.0,0.0,20.0,0.0,20.0,20.0,0.0,77841.0,0.0,0.0,2733.0,16000.0,24000.0,546000.0,16000.0,0,20
146,2017-09-29,100109999,做市商-中信中证资本,大商所,DCE,m1808-P-2950,豆粕期货期权,1808,人民币,0.0,20.0,344.25,20.0,314.5,0.0,0.0,21382205.21,投,277.0,104594.0,0.0,0.0,0.0,0.0,0.0,0.0,0.0,104594.0,0.0,0.0,2733.0,55400.0,55400.0,546000.0,55400.0,0,20
147,2017-09-29,100109999,做市商-中信中证资本,大商所,DCE,m1809-C-2800,豆粕期货期权,1809,人民币,-73.0,12.0,137.292,85.0,128.447,0.0,0.0,21382205.21,投,121.5,281367.0,0.0,0.0,0.0,0.0,0.0,0.0,0.0,281367.0,0.0,0.0,2728.0,14580.0,103275.0,325440.0,14580.0,0,12
148,2017-09-29,100109999,做市商-中信中证资本,大商所,DCE,m1809-C-2850,豆粕期货期权,1809,人民币,-17.0,5.0,111.5,22.0,113.795,0.0,1.0,21382205.21,投,102.5,63144.4,0.0,0.0,0.0,1.0,1.0,1.0,0.0,63144.4,0.0,0.0,2728.0,5125.0,22550.0,135600.0,5125.0,0,5
149,2017-09-29,100109999,做市商-中信中证资本,大商所,DCE,m1809-C-2900,豆粕期货期权,1809,人民币,-8.0,39.0,96.397,47.0,94.862,0.0,31.0,21382205.21,投,86.5,115629.4,0.0,0.0,0.0,31.0,31.0,31.0,0.0,115629.4,0.0,0.0,2728.0,33735.0,40655.0,1057680.0,33735.0,0,39
150,2017-09-29,100109999,做市商-中信中证资本,大商所,DCE,m1809-C-2950,豆粕期货期权,1809,人民币,-105.0,34.0,88.235,139.0,85.396,0.0,-9.0,21382205.21,投,72.0,287062.8,0.0,0.0,11.0,2.0,13.0,13.0,0.0,287062.8,0.0,0.0,2728.0,24480.0,100080.0,922080.0,24480.0,0,34
151,2017-09-29,100109999,做市商-中信中证资本,大商所,DCE,m1809-C-3000,豆粕期货期权,1809,人民币,-3.0,35.0,71.8,38.0,72.487,0.0,16.0,21382205.21,投,60.0,69448.8,0.0,0.0,0.0,16.0,16.0,16.0,0.0,69448.8,0.0,0.0,2728.0,21000.0,22800.0,949200.0,21000.0,0,35
152,2017-09-29,100109999,做市商-中信中证资本,大商所,DCE,m1809-C-3050,豆粕期货期权,1809,人民币,1.0,1.0,53.0,0.0,0.0,1.0,0.0,21382205.21,投,49.5,0.0,0.0,0.0,1.0,0.0,1.0,1.0,0.0,0.0,0.0,0.0,2728.0,495.0,0.0,27120.0,495.0,0,1
153,2017-09-29,100109999,做市商-中信中证资本,大商所,DCE,m1809-P-2450,豆粕期货期权,1809,人民币,1.0,1.0,31.5,0.0,0.0,1.0,0.0,21382205.21,投,46.5,0.0,0.0,0.0,1.0,0.0,1.0,1.0,0.0,0.0,0.0,0.0,2728.0,465.0,0.0,27120.0,465.0,0,1
154,2017-09-29,100109999,做市商-中信中证资本,大商所,DCE,m1809-P-2500,豆粕期货期权,1809,人民币,133.0,133.0,43.876,0.0,0.0,1.0,0.0,21382205.21,投,60.0,0.0,0.0,0.0,1.0,0.0,1.0,1.0,0.0,0.0,0.0,0.0,2728.0,79800.0,0.0,3606960.0,79800.0,0,133
155,2017-09-29,100109999,做市商-中信中证资本,大商所,DCE,m1809-P-2550,豆粕期货期权,1809,人民币,62.0,80.0,56.313,18.0,63.5,0.0,0.0,21382205.21,投,75.5,41763.6,0.0,0.0,10.0,10.0,20.0,20.0,0.0,41763.6,0.0,0.0,2728.0,60400.0,13590.0,2169600.0,60400.0,0,80
156,2017-09-29,100109999,做市商-中信中证资本,大商所,DCE,m1809-P-2600,豆粕期货期权,1809,人民币,107.0,114.0,80.259,7.0,84.5,2.0,0.0,21382205.21,投,94.0,19286.4,0.0,0.0,2.0,0.0,2.0,2.0,0.0,19286.4,0.0,0.0,2728.0,107160.0,6580.0,3091680.0,107160.0,0,114
157,2017-09-29,100109999,做市商-中信中证资本,大商所,DCE,m1809-P-2650,豆粕期货期权,1809,人民币,108.0,109.0,99.211,1.0,93.5,0.0,0.0,21382205.21,投,114.5,3210.2,0.0,0.0,0.0,0.0,0.0,0.0,0.0,3210.2,0.0,0.0,2728.0,124805.0,1145.0,2956080.0,124805.0,0,109
158,2017-09-29,100109999,做市商-中信中证资本,大商所,DCE,m1809-P-2700,豆粕期货期权,1809,人民币,106.0,106.0,134.821,0.0,0.0,7.0,0.0,21382205.21,投,138.0,0.0,0.0,0.0,7.0,0.0,7.0,7.0,0.0,0.0,0.0,0.0,2728.0,146280.0,0.0,2874720.0,146280.0,0,106
159,2017-09-29,100109999,做市商-中信中证资本,大商所,DCE,m1809-P-2750,豆粕期货期权,1809,人民币,114.0,116.0,144.672,2.0,156.0,2.0,0.0,21382205.21,投,164.0,8190.4,0.0,0.0,2.0,0.0,2.0,2.0,0.0,8190.4,0.0,0.0,2728.0,190240.0,3280.0,3145920.0,190240.0,0,116
160,2017-09-29,100109999,做市商-中信中证资本,大商所,DCE,m1809-P-2800,豆粕期货期权,1809,人民币,3.0,8.0,200.125,5.0,173.0,1.0,0.0,21382205.21,投,192.5,21901.0,0.0,0.0,1.0,0.0,1.0,1.0,0.0,21901.0,0.0,0.0,2728.0,15400.0,9625.0,216960.0,15400.0,0,8
161,2017-09-29,100109999,做市商-中信中证资本,大商所,DCE,m1809-P-2850,豆粕期货期权,1809,人民币,1.0,1.0,235.5,0.0,0.0,0.0,0.0,21382205.21,投,223.5,0.0,0.0,0.0,0.0,0.0,0.0,0.0,0.0,0.0,0.0,0.0,2728.0,2235.0,0.0,27120.0,2235.0,0,1
162,2017-09-29,100109999,做市商-中信中证资本,大商所,DCE,m1809-P-2900,豆粕期货期权,1809,人民币,16.0,16.0,275.406,0.0,0.0,0.0,0.0,21382205.21,投,257.0,0.0,0.0,0.0,0.0,0.0,0.0,0.0,0.0,0.0,0.0,0.0,2728.0,41120.0,0.0,433920.0,41120.0,0,16
163,2017-09-29,100109999,做市商-中信中证资本,大商所,DCE,m1809-P-2950,豆粕期货期权,1809,人民币,10.0,10.0,305.0,0.0,0.0,0.0,0.0,21382205.21,投,292.0,0.0,0.0,0.0,0.0,0.0,0.0,0.0,0.0,0.0,0.0,0.0,2728.0,29200.0,0.0,271200.0,29200.0,0,10
164,2017-09-29,100109999,做市商-中信中证资本,大商所,DCE,m1809-P-3000,豆粕期货期权,1809,人民币,10.0,10.0,307.0,0.0,0.0,0.0,0.0,21382205.21,投,329.5,0.0,0.0,0.0,0.0,0.0,0.0,0.0,0.0,0.0,0.0,0.0,2728.0,32950.0,0.0,271200.0,32950.0,0,10
165,2017-09-29,100109999,做市商-中信中证资本,大商所,DCE,m1711-C-2600,豆粕期货期权,1711,人民币,30.0,40.0,234.85,10.0,152.0,20.0,0.0,21382205.21,投,200.0,45200.0,0.0,0.0,20.0,0.0,20.0,20.0,0.0,45200.0,0.0,0.0,2800.0,80000.0,20000.0,278900.0,80000.0,1,10
166,2017-09-29,100109999,做市商-中信中证资本,大商所,DCE,m1711-C-2650,豆粕期货期权,1711,人民币,10.0,20.0,237.75,10.0,114.5,0.0,0.0,21382205.21,投,150.0,40200.0,0.0,0.0,0.0,0.0,0.0,0.0,0.0,40200.0,0.0,0.0,2800.0,30000.0,15000.0,278900.0,30000.0,1,10
167,2017-09-29,100109999,做市商-中信中证资本,大商所,DCE,m1711-C-2700,豆粕期货期权,1711,人民币,-32.0,30.0,62.833,62.0,78.952,0.0,20.0,21382205.21,投,101.5,219170.0,0.0,0.0,0.0,20.0,20.0,20.0,0.0,219170.0,0.0,0.0,2800.0,30450.0,62930.0,1729180.0,30450.0,1,62
168,2017-09-29,100109999,做市商-中信中证资本,大商所,DCE,m1711-C-2750,豆粕期货期权,1711,人民币,-20.0,30.0,53.45,50.0,50.6,-10.0,20.0,21382205.21,投,58.0,155000.0,0.0,0.0,10.0,40.0,50.0,50.0,0.0,155000.0,0.0,0.0,2800.0,17400.0,29000.0,1394500.0,17400.0,1,50
169,2017-09-29,100109999,做市商-中信中证资本,大商所,DCE,m1711-C-2800,豆粕期货期权,1711,人民币,-10.0,30.0,40.0,40.0,20.625,-10.0,10.0,21382205.21,投,26.0,111200.0,0.0,0.0,10.0,30.0,40.0,40.0,0.0,111200.0,0.0,0.0,2800.0,7800.0,10400.0,1115600.0,7800.0,1,40
170,2017-09-29,100109999,做市商-中信中证资本,大商所,DCE,m1711-C-2850,豆粕期货期权,1711,人民币,0.0,30.0,132.667,30.0,21.567,0.0,-16.0,21382205.21,投,8.5,70650.0,0.0,0.0,16.0,0.0,16.0,16.0,0.0,70650.0,0.0,0.0,2800.0,2550.0,2550.0,836700.0,2550.0,1,30
171,2017-09-29,100109999,做市商-中信中证资本,大商所,DCE,m1711-C-2900,豆粕期货期权,1711,人民币,-19.0,30.0,101.5,49.0,48.327,0.0,0.0,21382205.21,投,2.0,99960.0,0.0,0.0,0.0,0.0,0.0,0.0,0.0,99960.0,0.0,0.0,2800.0,600.0,980.0,1366610.0,600.0,1,49
172,2017-09-29,100109999,做市商-中信中证资本,大商所,DCE,m1711-C-2950,豆粕期货期权,1711,人民币,-19.0,30.0,97.833,49.0,49.327,0.0,0.0,21382205.21,投,0.5,86975.0,0.0,0.0,0.0,0.0,0.0,0.0,0.0,86975.0,0.0,0.0,2800.0,150.0,245.0,1366610.0,150.0,1,49
173,2017-09-29,100109999,做市商-中信中证资本,大商所,DCE,m1711-C-3000,豆粕期货期权,1711,人民币,9.0,40.0,42.0,31.0,39.032,10.0,0.0,21382205.21,投,0.5,47275.0,0.0,0.0,10.0,0.0,10.0,10.0,0.0,47275.0,0.0,0.0,2800.0,200.0,155.0,864590.0,200.0,1,31
174,2017-09-29,100109999,做市商-中信中证资本,大商所,DCE,m1711-C-3050,豆粕期货期权,1711,人民币,-11.0,29.0,55.138,40.0,33.25,0.0,0.0,21382205.21,投,0.5,51000.0,0.0,0.0,0.0,0.0,0.0,0.0,0.0,51000.0,0.0,0.0,2800.0,145.0,200.0,1115600.0,145.0,1,40
175,2017-09-29,100109999,做市商-中信中证资本,大商所,DCE,m1711-C-3100,豆粕期货期权,1711,人民币,24.0,40.0,17.25,16.0,40.281,0.0,0.0,21382205.21,投,0.5,20240.0,0.0,0.0,0.0,0.0,0.0,0.0,0.0,20240.0,0.0,0.0,2800.0,200.0,80.0,446240.0,200.0,1,16
176,2017-09-29,100109999,做市商-中信中证资本,大商所,DCE,m1711-P-2400,豆粕期货期权,1711,人民币,10.0,20.0,0.5,10.0,4.0,0.0,0.0,21382205.21,投,0.5,12650.0,0.0,0.0,0.0,0.0,0.0,0.0,0.0,12650.0,0.0,0.0,2800.0,100.0,50.0,278900.0,100.0,1,10
177,2017-09-29,100109999,做市商-中信中证资本,大商所,DCE,m1711-P-2450,豆粕期货期权,1711,人民币,1.0,11.0,2.0,10.0,17.0,0.0,0.0,21382205.21,投,0.5,12650.0,0.0,0.0,0.0,0.0,0.0,0.0,0.0,12650.0,0.0,0.0,2800.0,55.0,50.0,278900.0,55.0,1,10
178,2017-09-29,100109999,做市商-中信中证资本,大商所,DCE,m1711-P-2550,豆粕期货期权,1711,人民币,32.0,40.0,3.25,8.0,10.5,0.0,0.0,21382205.21,投,0.5,10200.0,0.0,0.0,0.0,0.0,0.0,0.0,0.0,10200.0,0.0,0.0,2800.0,200.0,40.0,223120.0,200.0,1,8
179,2017-09-29,100109999,做市商-中信中证资本,大商所,DCE,m1711-P-2600,豆粕期货期权,1711,人民币,7.0,47.0,46.319,40.0,22.875,0.0,0.0,21382205.21,投,0.5,61000.0,0.0,0.0,0.0,0.0,0.0,0.0,0.0,61000.0,0.0,0.0,2800.0,235.0,200.0,1115600.0,235.0,1,40
180,2017-09-29,100109999,做市商-中信中证资本,大商所,DCE,m1711-P-2650,豆粕期货期权,1711,人民币,-3.0,30.0,76.167,33.0,49.879,0.0,0.0,21382205.21,投,0.5,58575.0,0.0,0.0,0.0,0.0,0.0,0.0,0.0,58575.0,0.0,0.0,2800.0,150.0,165.0,920370.0,150.0,1,33
181,2017-09-29,100109999,做市商-中信中证资本,大商所,DCE,m1711-P-2700,豆粕期货期权,1711,人民币,20.0,40.0,30.375,20.0,75.75,0.0,0.0,21382205.21,投,1.5,40700.0,0.0,0.0,0.0,0.0,0.0,0.0,0.0,40700.0,0.0,0.0,2800.0,600.0,300.0,557800.0,600.0,1,20
182,2017-09-29,100109999,做市商-中信中证资本,大商所,DCE,m1711-P-2750,豆粕期货期权,1711,人民币,30.0,60.0,10.967,30.0,46.667,10.0,0.0,21382205.21,投,8.0,70500.0,0.0,0.0,30.0,20.0,50.0,50.0,0.0,70500.0,0.0,0.0,2800.0,4800.0,2400.0,836700.0,4800.0,1,30
183,2017-09-29,100109999,做市商-中信中证资本,大商所,DCE,m1711-P-2800,豆粕期货期权,1711,人民币,-10.0,30.0,30.333,40.0,46.238,-10.0,10.0,21382205.21,投,26.0,111200.0,0.0,0.0,1.0,21.0,22.0,22.0,0.0,111200.0,0.0,0.0,2800.0,7800.0,10400.0,1115600.0,7800.0,1,40
184,2017-09-29,100109999,做市商-中信中证资本,大商所,DCE,m1711-P-2850,豆粕期货期权,1711,人民币,-10.0,20.0,44.75,30.0,85.0,-20.0,10.0,21382205.21,投,58.5,93150.0,0.0,0.0,0.0,30.0,30.0,30.0,0.0,93150.0,0.0,0.0,2800.0,11700.0,17550.0,836700.0,11700.0,1,30
185,2017-09-29,100109999,做市商-中信中证资本,大商所,DCE,m1712-C-2550,豆粕期货期权,1712,人民币,-10.0,0.0,0.0,10.0,211.5,0.0,0.0,21382205.21,投,207.5,45563.0,0.0,0.0,0.0,0.0,0.0,0.0,0.0,45563.0,0.0,0.0,2757.0,0.0,20750.0,275600.0,0.0,1,10
186,2017-09-29,100109999,做市商-中信中证资本,大商所,DCE,m1712-C-2650,豆粕期货期权,1712,人民币,25.0,36.0,133.319,11.0,251.045,0.0,0.0,21382205.21,投,115.0,39944.3,0.0,0.0,0.0,0.0,0.0,0.0,0.0,39944.3,0.0,0.0,2757.0,41400.0,12650.0,303160.0,41400.0,1,11
187,2017-09-29,100109999,做市商-中信中证资本,大商所,DCE,m1712-C-2700,豆粕期货期权,1712,人民币,14.0,30.0,77.333,16.0,94.156,-10.0,0.0,21382205.21,投,76.5,51940.8,0.0,0.0,0.0,10.0,10.0,10.0,0.0,51940.8,0.0,0.0,2757.0,22950.0,12240.0,440960.0,22950.0,1,16
188,2017-09-29,100109999,做市商-中信中证资本,大商所,DCE,m1712-C-2750,豆粕期货期权,1712,人民币,-55.0,34.0,50.235,89.0,63.989,0.0,10.0,21382205.21,投,46.0,261775.7,0.0,0.0,0.0,10.0,10.0,10.0,0.0,261775.7,0.0,0.0,2757.0,15640.0,40940.0,2452840.0,15640.0,1,89
189,2017-09-29,100109999,做市商-中信中证资本,大商所,DCE,m1712-C-2800,豆粕期货期权,1712,人民币,22.0,60.0,31.2,38.0,36.711,-20.0,0.0,21382205.21,投,24.5,95429.4,0.0,0.0,0.0,20.0,20.0,20.0,0.0,95429.4,0.0,0.0,2757.0,14700.0,9310.0,1047280.0,14700.0,1,38
190,2017-09-29,100109999,做市商-中信中证资本,大商所,DCE,m1712-C-2850,豆粕期货期权,1712,人民币,-6.0,34.0,33.206,40.0,22.75,0.0,0.0,21382205.21,投,11.5,85252.0,0.0,0.0,0.0,0.0,0.0,0.0,0.0,85252.0,0.0,0.0,2757.0,3910.0,4600.0,1102400.0,3910.0,1,40
191,2017-09-29,100109999,做市商-中信中证资本,大商所,DCE,m1712-C-2900,豆粕期货期权,1712,人民币,-7.0,33.0,36.212,40.0,44.05,0.0,0.0,21382205.21,投,4.5,72452.0,0.0,0.0,0.0,0.0,0.0,0.0,0.0,72452.0,0.0,0.0,2757.0,1485.0,1800.0,1102400.0,1485.0,1,40
192,2017-09-29,100109999,做市商-中信中证资本,大商所,DCE,m1712-C-2950,豆粕期货期权,1712,人民币,-11.0,35.0,65.286,46.0,15.576,0.0,0.0,21382205.21,投,1.5,70439.8,0.0,0.0,0.0,0.0,0.0,0.0,0.0,70439.8,0.0,0.0,2757.0,525.0,690.0,1267760.0,525.0,1,46
193,2017-09-29,100109999,做市商-中信中证资本,大商所,DCE,m1712-C-3000,豆粕期货期权,1712,人民币,0.0,35.0,46.357,35.0,9.943,0.0,0.0,21382205.21,投,0.5,44495.5,0.0,0.0,0.0,0.0,0.0,0.0,0.0,44495.5,0.0,0.0,2757.0,175.0,175.0,964600.0,175.0,1,35
194,2017-09-29,100109999,做市商-中信中证资本,大商所,DCE,m1712-C-3050,豆粕期货期权,1712,人民币,-64.0,37.0,50.824,101.0,16.267,0.0,0.0,21382205.21,投,0.5,125810.65,0.0,0.0,0.0,0.0,0.0,0.0,0.0,125810.65,0.0,0.0,2757.0,185.0,505.0,2783560.0,185.0,1,101
195,2017-09-29,100109999,做市商-中信中证资本,大商所,DCE,m1712-C-3100,豆粕期货期权,1712,人民币,-108.0,20.0,69.5,128.0,5.52,0.0,0.0,21382205.21,投,0.5,159443.2,0.0,0.0,0.0,0.0,0.0,0.0,0.0,159443.2,0.0,0.0,2757.0,100.0,640.0,3527680.0,100.0,1,128
196,2017-09-29,100109999,做市商-中信中证资本,大商所,DCE,m1712-C-3150,豆粕期货期权,1712,人民币,1.0,22.0,54.682,21.0,30.976,0.0,0.0,21382205.21,投,0.5,26158.65,0.0,0.0,0.0,0.0,0.0,0.0,0.0,26158.65,0.0,0.0,2757.0,110.0,105.0,578760.0,110.0,1,21
197,2017-09-29,100109999,做市商-中信中证资本,大商所,DCE,m1712-P-2450,豆粕期货期权,1712,人民币,7.0,27.0,2.722,20.0,15.0,0.0,0.0,21382205.21,投,0.5,24913.0,0.0,0.0,0.0,0.0,0.0,0.0,0.0,24913.0,0.0,0.0,2757.0,135.0,100.0,551200.0,135.0,1,20
198,2017-09-29,100109999,做市商-中信中证资本,大商所,DCE,m1712-P-2550,豆粕期货期权,1712,人民币,12.0,34.0,4.412,22.0,12.727,0.0,0.0,21382205.21,投,0.5,31928.6,0.0,0.0,0.0,0.0,0.0,0.0,0.0,31928.6,0.0,0.0,2757.0,170.0,110.0,606320.0,170.0,1,22
199,2017-09-29,100109999,做市商-中信中证资本,大商所,DCE,m1712-P-2600,豆粕期货期权,1712,人民币,3.0,36.0,7.5,33.0,22.197,0.0,0.0,21382205.21,投,2.5,56802.9,0.0,0.0,0.0,0.0,0.0,0.0,0.0,56802.9,0.0,0.0,2757.0,900.0,825.0,909480.0,900.0,1,33
200,2017-09-29,100109999,做市商-中信中证资本,大商所,DCE,m1712-P-2650,豆粕期货期权,1712,人民币,10.0,43.0,9.965,33.0,32.697,0.0,0.0,21382205.21,投,8.0,66867.9,0.0,0.0,0.0,0.0,0.0,0.0,0.0,66867.9,0.0,0.0,2757.0,3440.0,2640.0,909480.0,3440.0,1,33
201,2017-09-29,100109999,做市商-中信中证资本,大商所,DCE,m1712-P-2700,豆粕期货期权,1712,人民币,73.0,93.0,21.892,20.0,54.75,0.0,0.0,21382205.21,投,19.5,47826.0,0.0,0.0,0.0,0.0,0.0,0.0,0.0,47826.0,0.0,0.0,2757.0,18135.0,3900.0,551200.0,18135.0,1,20
202,2017-09-29,100109999,做市商-中信中证资本,大商所,DCE,m1712-P-2750,豆粕期货期权,1712,人民币,108.0,136.0,38.221,28.0,91.643,-40.0,0.0,21382205.21,投,39.0,79416.4,0.0,0.0,0.0,40.0,40.0,40.0,0.0,79416.4,0.0,0.0,2757.0,53040.0,10920.0,771680.0,53040.0,1,28
203,2017-09-29,100109999,做市商-中信中证资本,大商所,DCE,m1712-P-2800,豆粕期货期权,1712,人民币,134.0,139.0,60.687,5.0,82.0,-10.0,0.0,21382205.21,投,67.5,15781.5,0.0,0.0,0.0,10.0,10.0,10.0,0.0,15781.5,0.0,0.0,2757.0,93825.0,3375.0,137800.0,93825.0,1,5
204,2017-09-29,100109999,做市商-中信中证资本,大商所,DCE,m1712-P-2850,豆粕期货期权,1712,人民币,23.0,43.0,111.605,20.0,123.25,0.0,0.0,21382205.21,投,104.5,70526.0,0.0,0.0,0.0,0.0,0.0,0.0,0.0,70526.0,0.0,0.0,2757.0,44935.0,20900.0,551200.0,44935.0,1,20
205,2017-09-29,100109999,做市商-中信中证资本,大商所,DCE,m1712-P-2900,豆粕期货期权,1712,人民币,-10.0,0.0,0.0,10.0,152.0,0.0,0.0,21382205.21,投,147.5,39563.0,0.0,0.0,0.0,0.0,0.0,0.0,0.0,39563.0,0.0,0.0,2757.0,0.0,14750.0,275600.0,0.0,1,10
206,2017-09-29,100109999,做市商-中信中证资本,大商所,DCE,m1712-P-2950,豆粕期货期权,1712,人民币,10.0,20.0,232.75,10.0,203.5,0.0,0.0,21382205.21,投,194.5,44263.0,0.0,0.0,0.0,0.0,0.0,0.0,0.0,44263.0,0.0,0.0,2757.0,38900.0,19450.0,275600.0,38900.0,1,10
207,2017-09-29,100109999,做市商-中信中证资本,大商所,DCE,m1712-P-3150,豆粕期货期权,1712,人民币,19.0,20.0,366.0,1.0,327.5,0.0,0.0,21382205.21,投,393.0,6411.3,0.0,0.0,0.0,0.0,0.0,0.0,0.0,6411.3,0.0,0.0,2757.0,78600.0,3930.0,27560.0,78600.0,1,1
208,2017-09-29,100109999,做市商-中信中证资本,大商所,DCE,m1712-P-3200,豆粕期货期权,1712,人民币,-30.0,0.0,0.0,30.0,431.333,0.0,0.0,21382205.21,投,443.0,207339.0,0.0,0.0,0.0,0.0,0.0,0.0,0.0,207339.0,0.0,0.0,2757.0,0.0,132900.0,826800.0,0.0,1,30
209,2017-09-29,100109999,做市商-中信中证资本,大商所,DCE,m1801-C-2450,豆粕期货期权,1801,人民币,-12.0,0.0,0.0,12.0,351.375,0.0,3.0,21382205.21,投,305.5,66370.8,0.0,0.0,0.0,3.0,3.0,3.0,0.0,66370.8,0.0,0.0,2751.0,0.0,36660.0,327480.0,0.0,1,12
210,2017-09-29,100109999,做市商-中信中证资本,大商所,DCE,m1801-C-2500,豆粕期货期权,1801,人民币,-10.0,0.0,0.0,10.0,257.8,0.0,1.0,21382205.21,投,260.0,50759.0,0.0,0.0,0.0,1.0,1.0,1.0,0.0,50759.0,0.0,0.0,2751.0,0.0,26000.0,272900.0,0.0,1,10
211,2017-09-29,100109999,做市商-中信中证资本,大商所,DCE,m1801-C-2550,豆粕期货期权,1801,人民币,-75.0,0.0,0.0,75.0,294.247,0.0,0.0,21382205.21,投,217.0,348442.5,0.0,0.0,0.0,0.0,0.0,0.0,0.0,348442.5,0.0,0.0,2751.0,0.0,162750.0,2046750.0,0.0,1,75
212,2017-09-29,100109999,做市商-中信中证资本,大商所,DCE,m1801-C-2600,豆粕期货期权,1801,人民币,-97.0,0.0,0.0,97.0,237.881,0.0,0.0,21382205.21,投,177.0,411852.3,0.0,0.0,0.0,0.0,0.0,0.0,0.0,411852.3,0.0,0.0,2751.0,0.0,171690.0,2647130.0,0.0,1,97
213,2017-09-29,100109999,做市商-中信中证资本,大商所,DCE,m1801-C-2650,豆粕期货期权,1801,人民币,-82.0,0.0,0.0,82.0,127.738,0.0,0.0,21382205.21,投,141.5,319053.8,0.0,0.0,0.0,0.0,0.0,0.0,0.0,319053.8,0.0,0.0,2751.0,0.0,116030.0,2237780.0,0.0,1,82
214,2017-09-29,100109999,做市商-中信中证资本,大商所,DCE,m1801-C-2700,豆粕期货期权,1801,人民币,-401.0,0.0,0.0,401.0,98.304,0.0,4.0,21382205.21,投,110.0,1433935.9,0.0,0.0,0.0,4.0,4.0,4.0,0.0,1433935.9,0.0,0.0,2751.0,0.0,441100.0,10943290.0,0.0,1,401
215,2017-09-29,100109999,做市商-中信中证资本,大商所,DCE,m1801-C-2750,豆粕期货期权,1801,人民币,-433.0,30.0,110.167,463.0,73.998,0.0,175.0,21382205.21,投,83.5,1532946.7,0.0,0.0,5.0,180.0,185.0,185.0,0.0,1532946.7,0.0,0.0,2751.0,25050.0,386605.0,12635270.0,25050.0,1,463
216,2017-09-29,100109999,做市商-中信中证资本,大商所,DCE,m1801-C-2800,豆粕期货期权,1801,人民币,-345.0,37.0,88.5,382.0,69.94,0.0,-15.0,21382205.21,投,61.5,1087133.8,0.0,0.0,105.0,90.0,195.0,195.0,0.0,1087133.8,0.0,0.0,2751.0,22755.0,234930.0,10424780.0,22755.0,1,382
217,2017-09-29,100109999,做市商-中信中证资本,大商所,DCE,m1801-C-2850,豆粕期货期权,1801,人民币,-474.0,35.0,80.386,509.0,52.641,0.0,74.0,21382205.21,投,44.0,1232238.1,0.0,0.0,68.0,142.0,210.0,210.0,0.0,1232238.1,0.0,0.0,2751.0,15400.0,223960.0,13890610.0,15400.0,1,509
218,2017-09-29,100109999,做市商-中信中证资本,大商所,DCE,m1801-C-2900,豆粕期货期权,1801,人民币,-327.0,30.0,64.033,357.0,36.416,0.0,80.0,21382205.21,投,30.5,726816.3,0.0,0.0,29.0,109.0,138.0,138.0,0.0,726816.3,0.0,0.0,2751.0,9150.0,108885.0,9742530.0,9150.0,1,357
219,2017-09-29,100109999,做市商-中信中证资本,大商所,DCE,m1801-C-2950,豆粕期货期权,1801,人民币,-164.0,36.0,58.722,200.0,31.293,0.0,17.0,21382205.21,投,20.5,337180.0,0.0,0.0,10.0,27.0,37.0,37.0,0.0,337180.0,0.0,0.0,2751.0,7380.0,41000.0,5458000.0,7380.0,1,200
220,2017-09-29,100109999,做市商-中信中证资本,大商所,DCE,m1801-C-3000,豆粕期货期权,1801,人民币,-233.0,38.0,105.145,271.0,22.452,0.0,23.0,21382205.21,投,13.5,372069.45,0.0,0.0,28.0,51.0,79.0,79.0,0.0,372069.45,0.0,0.0,2751.0,5130.0,36585.0,7395590.0,5130.0,1,271
221,2017-09-29,100109999,做市商-中信中证资本,大商所,DCE,m1801-C-3050,豆粕期货期权,1801,人民币,-124.0,37.0,37.0,161.0,16.37,0.0,5.0,21382205.21,投,8.5,212994.95,0.0,0.0,28.0,33.0,61.0,61.0,0.0,212994.95,0.0,0.0,2751.0,3145.0,13685.0,4393690.0,3145.0,1,161
222,2017-09-29,100109999,做市商-中信中证资本,大商所,DCE,m1801-C-3100,豆粕期货期权,1801,人民币,-158.0,38.0,86.105,196.0,13.944,0.0,6.0,21382205.21,投,5.0,252438.2,0.0,0.0,21.0,27.0,48.0,48.0,0.0,252438.2,0.0,0.0,2751.0,1900.0,9800.0,5348840.0,1900.0,1,196
223,2017-09-29,100109999,做市商-中信中证资本,大商所,DCE,m1801-C-3150,豆粕期货期权,1801,人民币,-61.0,39.0,88.705,100.0,10.875,0.0,17.0,21382205.21,投,3.0,126795.0,0.0,0.0,20.0,37.0,57.0,57.0,0.0,126795.0,0.0,0.0,2751.0,1170.0,3000.0,2729000.0,1170.0,1,100
224,2017-09-29,100109999,做市商-中信中证资本,大商所,DCE,m1801-C-3200,豆粕期货期权,1801,人民币,-97.0,30.0,59.533,127.0,9.76,0.0,12.0,21382205.21,投,1.5,159124.65,0.0,0.0,29.0,41.0,70.0,70.0,0.0,159124.65,0.0,0.0,2751.0,450.0,1905.0,3465830.0,450.0,1,127
225,2017-09-29,100109999,做市商-中信中证资本,大商所,DCE,m1801-P-2450,豆粕期货期权,1801,人民币,-1.0,37.0,10.446,38.0,8.711,6.0,-99.0,21382205.21,投,5.0,48942.1,0.0,0.0,147.0,42.0,189.0,189.0,0.0,48942.1,0.0,0.0,2751.0,1850.0,1900.0,1037020.0,1850.0,1,38
226,2017-09-29,100109999,做市商-中信中证资本,大商所,DCE,m1801-P-2500,豆粕期货期权,1801,人民币,-6.0,36.0,13.556,42.0,9.31,0.0,-61.0,21382205.21,投,9.5,55983.9,0.0,0.0,81.0,20.0,101.0,101.0,0.0,55983.9,0.0,0.0,2751.0,3420.0,3990.0,1146180.0,3420.0,1,42
227,2017-09-29,100109999,做市商-中信中证资本,大商所,DCE,m1801-P-2550,豆粕期货期权,1801,人民币,37.0,74.0,14.595,37.0,22.432,35.0,-11.0,21382205.21,投,16.5,60528.3,0.0,0.0,99.0,53.0,152.0,152.0,0.0,60528.3,0.0,0.0,2751.0,12210.0,6105.0,1009730.0,12210.0,1,37
228,2017-09-29,100109999,做市商-中信中证资本,大商所,DCE,m1801-P-2600,豆粕期货期权,1801,人民币,4.0,43.0,20.186,39.0,22.346,-16.0,0.0,21382205.21,投,26.5,77450.1,0.0,0.0,37.0,53.0,90.0,90.0,0.0,77450.1,0.0,0.0,2751.0,11395.0,10335.0,1064310.0,11395.0,1,39
229,2017-09-29,100109999,做市商-中信中证资本,大商所,DCE,m1801-P-2650,豆粕期货期权,1801,人民币,102.0,114.0,33.75,12.0,52.667,-3.0,0.0,21382205.21,投,40.5,28510.8,0.0,0.0,91.0,94.0,185.0,185.0,0.0,28510.8,0.0,0.0,2751.0,46170.0,4860.0,327480.0,46170.0,1,12
230,2017-09-29,100109999,做市商-中信中证资本,大商所,DCE,m1801-P-2700,豆粕期货期权,1801,人民币,84.0,116.0,46.44,32.0,75.688,-12.0,0.0,21382205.21,投,59.0,89948.8,0.0,0.0,63.0,75.0,138.0,138.0,0.0,89948.8,0.0,0.0,2751.0,68440.0,18880.0,873280.0,68440.0,1,32
231,2017-09-29,100109999,做市商-中信中证资本,大商所,DCE,m1801-P-2750,豆粕期货期权,1801,人民币,64.0,99.0,60.02,35.0,67.886,-16.0,0.0,21382205.21,投,82.5,115356.5,0.0,0.0,14.0,30.0,44.0,44.0,0.0,115356.5,0.0,0.0,2751.0,81675.0,28875.0,955150.0,81675.0,1,35
232,2017-09-29,100109999,做市商-中信中证资本,大商所,DCE,m1801-P-2800,豆粕期货期权,1801,人民币,-56.0,38.0,117.566,94.0,116.66,0.0,0.0,21382205.21,投,110.5,336604.6,0.0,0.0,0.0,0.0,0.0,0.0,0.0,336604.6,0.0,0.0,2751.0,41990.0,103870.0,2565260.0,41990.0,1,94
233,2017-09-29,100109999,做市商-中信中证资本,大商所,DCE,m1801-P-2850,豆粕期货期权,1801,人民币,-58.0,31.0,161.403,89.0,151.713,0.0,0.0,21382205.21,投,142.5,347180.1,0.0,0.0,0.0,0.0,0.0,0.0,0.0,347180.1,0.0,0.0,2751.0,44175.0,126825.0,2428810.0,44175.0,1,89
234,2017-09-29,100109999,做市商-中信中证资本,大商所,DCE,m1801-P-2900,豆粕期货期权,1801,人民币,-80.0,1.0,129.0,81.0,155.889,0.0,0.0,21382205.21,投,179.0,345537.9,0.0,0.0,0.0,0.0,0.0,0.0,0.0,345537.9,0.0,0.0,2751.0,1790.0,144990.0,2210490.0,1790.0,1,81
235,2017-09-29,100109999,做市商-中信中证资本,大商所,DCE,m1801-P-2950,豆粕期货期权,1801,人民币,-77.0,10.0,193.5,87.0,148.109,0.0,0.0,21382205.21,投,219.0,405933.3,0.0,0.0,0.0,0.0,0.0,0.0,0.0,405933.3,0.0,0.0,2751.0,21900.0,190530.0,2374230.0,21900.0,1,87
236,2017-09-29,100109999,做市商-中信中证资本,大商所,DCE,m1801-P-3000,豆粕期货期权,1801,人民币,-85.0,10.0,204.0,95.0,216.121,0.0,-1.0,21382205.21,投,262.0,484110.5,0.0,0.0,1.0,0.0,1.0,1.0,0.0,484110.5,0.0,0.0,2751.0,26200.0,248900.0,2592550.0,26200.0,1,95
237,2017-09-29,100109999,做市商-中信中证资本,大商所,DCE,m1801-P-3050,豆粕期货期权,1801,人民币,-81.0,0.0,0.0,81.0,258.099,0.0,0.0,21382205.21,投,307.0,449217.9,0.0,0.0,0.0,0.0,0.0,0.0,0.0,449217.9,0.0,0.0,2751.0,0.0,248670.0,2210490.0,0.0,1,81
238,2017-09-29,100109999,做市商-中信中证资本,大商所,DCE,m1801-P-3100,豆粕期货期权,1801,人民币,-84.0,0.0,0.0,84.0,345.768,0.0,0.0,21382205.21,投,353.5,504915.6,0.0,0.0,0.0,0.0,0.0,0.0,0.0,504915.6,0.0,0.0,2751.0,0.0,296940.0,2292360.0,0.0,1,84
239,2017-09-29,100109999,做市商-中信中证资本,大商所,DCE,m1801-P-3150,豆粕期货期权,1801,人民币,-1.0,1.0,344.5,2.0,272.5,0.0,0.0,21382205.21,投,401.5,12981.8,0.0,0.0,0.0,0.0,0.0,0.0,0.0,12981.8,0.0,0.0,2751.0,4015.0,8030.0,54580.0,4015.0,1,2
240,2017-09-29,100109999,做市商-中信中证资本,大商所,DCE,m1803-C-2400,豆粕期货期权,1803,人民币,-16.0,0.0,0.0,16.0,299.375,0.0,0.0,21382205.21,投,360.5,97251.2,0.0,0.0,0.0,0.0,0.0,0.0,0.0,97251.2,0.0,0.0,2748.0,0.0,57680.0,438880.0,0.0,1,16
241,2017-09-29,100109999,做市商-中信中证资本,大商所,DCE,m1803-C-2450,豆粕期货期权,1803,人民币,-30.0,0.0,0.0,30.0,257.5,0.0,0.0,21382205.21,投,317.5,169446.0,0.0,0.0,0.0,0.0,0.0,0.0,0.0,169446.0,0.0,0.0,2748.0,0.0,95250.0,822900.0,0.0,1,30
242,2017-09-29,100109999,做市商-中信中证资本,大商所,DCE,m1803-C-2550,豆粕期货期权,1803,人民币,-20.0,0.0,0.0,20.0,207.5,0.0,0.0,21382205.21,投,238.5,97164.0,0.0,0.0,0.0,0.0,0.0,0.0,0.0,97164.0,0.0,0.0,2748.0,0.0,47700.0,548600.0,0.0,1,20
243,2017-09-29,100109999,做市商-中信中证资本,大商所,DCE,m1803-C-2600,豆粕期货期权,1803,人民币,-20.0,0.0,0.0,20.0,182.25,0.0,0.0,21382205.21,投,203.5,90164.0,0.0,0.0,0.0,0.0,0.0,0.0,0.0,90164.0,0.0,0.0,2748.0,0.0,40700.0,548600.0,0.0,1,20
244,2017-09-29,100109999,做市商-中信中证资本,大商所,DCE,m1803-C-2650,豆粕期货期权,1803,人民币,-70.0,30.0,186.833,100.0,139.37,0.0,0.0,21382205.21,投,171.0,418320.0,0.0,0.0,0.0,0.0,0.0,0.0,0.0,418320.0,0.0,0.0,2748.0,51300.0,171000.0,2743000.0,51300.0,1,100
245,2017-09-29,100109999,做市商-中信中证资本,大商所,DCE,m1803-C-2700,豆粕期货期权,1803,人民币,-38.0,30.0,276.0,68.0,135.382,0.0,0.0,21382205.21,投,142.5,265077.6,0.0,0.0,0.0,0.0,0.0,0.0,0.0,265077.6,0.0,0.0,2748.0,42750.0,96900.0,1865240.0,42750.0,1,68
246,2017-09-29,100109999,做市商-中信中证资本,大商所,DCE,m1803-C-2750,豆粕期货期权,1803,人民币,-16.0,30.0,186.333,46.0,101.043,0.0,0.0,21382205.21,投,117.0,167127.2,0.0,0.0,0.0,0.0,0.0,0.0,0.0,167127.2,0.0,0.0,2748.0,35100.0,53820.0,1261780.0,35100.0,1,46
247,2017-09-29,100109999,做市商-中信中证资本,大商所,DCE,m1803-C-2800,豆粕期货期权,1803,人民币,-10.0,30.0,219.0,40.0,81.25,0.0,0.0,21382205.21,投,95.0,126528.0,0.0,0.0,0.0,0.0,0.0,0.0,0.0,126528.0,0.0,0.0,2748.0,28500.0,38000.0,1097200.0,28500.0,1,40
248,2017-09-29,100109999,做市商-中信中证资本,大商所,DCE,m1803-C-2850,豆粕期货期权,1803,人民币,-25.0,38.0,109.263,63.0,88.175,0.0,0.0,21382205.21,投,76.5,171876.6,0.0,0.0,0.0,0.0,0.0,0.0,0.0,171876.6,0.0,0.0,2748.0,29070.0,48195.0,1728090.0,29070.0,1,63
249,2017-09-29,100109999,做市商-中信中证资本,大商所,DCE,m1803-C-2900,豆粕期货期权,1803,人民币,-12.0,36.0,118.222,48.0,61.542,0.0,0.0,21382205.21,投,60.5,111273.6,0.0,0.0,0.0,0.0,0.0,0.0,0.0,111273.6,0.0,0.0,2748.0,21780.0,29040.0,1316640.0,21780.0,1,48
250,2017-09-29,100109999,做市商-中信中证资本,大商所,DCE,m1803-C-2950,豆粕期货期权,1803,人民币,-14.0,20.0,143.25,34.0,47.647,0.0,0.0,21382205.21,投,47.0,65728.8,0.0,0.0,0.0,0.0,0.0,0.0,0.0,65728.8,0.0,0.0,2748.0,9400.0,15980.0,932620.0,9400.0,1,34
251,2017-09-29,100109999,做市商-中信中证资本,大商所,DCE,m1803-C-3000,豆粕期货期权,1803,人民币,-8.0,30.0,98.0,38.0,46.711,10.0,0.0,21382205.21,投,36.5,60860.8,0.0,0.0,10.0,0.0,10.0,10.0,0.0,60860.8,0.0,0.0,2748.0,10950.0,13870.0,1042340.0,10950.0,1,38
252,2017-09-29,100109999,做市商-中信中证资本,大商所,DCE,m1803-C-3050,豆粕期货期权,1803,人民币,-10.0,30.0,87.833,40.0,36.875,0.0,-10.0,21382205.21,投,28.0,60664.0,0.0,0.0,10.0,0.0,10.0,10.0,0.0,60664.0,0.0,0.0,2748.0,8400.0,11200.0,1097200.0,8400.0,1,40
253,2017-09-29,100109999,做市商-中信中证资本,大商所,DCE,m1803-C-3100,豆粕期货期权,1803,人民币,37.0,67.0,36.672,30.0,48.667,10.0,0.0,21382205.21,投,21.0,43398.0,0.0,0.0,10.0,0.0,10.0,10.0,0.0,43398.0,0.0,0.0,2748.0,14070.0,6300.0,822900.0,14070.0,1,30
254,2017-09-29,100109999,做市商-中信中证资本,大商所,DCE,m1803-P-2400,豆粕期货期权,1803,人民币,-22.0,10.0,12.0,32.0,13.406,0.0,2.0,21382205.21,投,14.0,44051.2,0.0,0.0,0.0,2.0,2.0,2.0,0.0,44051.2,0.0,0.0,2748.0,1400.0,4480.0,877760.0,1400.0,1,32
255,2017-09-29,100109999,做市商-中信中证资本,大商所,DCE,m1803-P-2450,豆粕期货期权,1803,人民币,-13.0,20.0,20.25,33.0,22.515,0.0,0.0,21382205.21,投,20.5,47572.8,0.0,0.0,0.0,0.0,0.0,0.0,0.0,47572.8,0.0,0.0,2748.0,4100.0,6765.0,905190.0,4100.0,1,33
256,2017-09-29,100109999,做市商-中信中证资本,大商所,DCE,m1803-P-2500,豆粕期货期权,1803,人民币,-1.0,30.0,33.167,31.0,32.274,0.0,0.0,21382205.21,投,29.5,47479.6,0.0,0.0,0.0,0.0,0.0,0.0,0.0,47479.6,0.0,0.0,2748.0,8850.0,9145.0,850330.0,8850.0,1,31
257,2017-09-29,100109999,做市商-中信中证资本,大商所,DCE,m1803-P-2550,豆粕期货期权,1803,人民币,-21.0,34.0,41.941,55.0,48.864,0.0,0.0,21382205.21,投,41.5,104401.0,0.0,0.0,0.0,0.0,0.0,0.0,0.0,104401.0,0.0,0.0,2748.0,14110.0,22825.0,1508650.0,14110.0,1,55
258,2017-09-29,100109999,做市商-中信中证资本,大商所,DCE,m1803-P-2600,豆粕期货期权,1803,人民币,-22.0,30.0,51.0,52.0,66.423,0.0,0.0,21382205.21,投,56.0,119246.4,0.0,0.0,0.0,0.0,0.0,0.0,0.0,119246.4,0.0,0.0,2748.0,16800.0,29120.0,1426360.0,16800.0,1,52
259,2017-09-29,100109999,做市商-中信中证资本,大商所,DCE,m1803-P-2650,豆粕期货期权,1803,人民币,-21.0,37.0,63.541,58.0,47.121,0.0,10.0,21382205.21,投,73.5,157655.6,0.0,0.0,0.0,10.0,10.0,10.0,0.0,157655.6,0.0,0.0,2748.0,27195.0,42630.0,1590940.0,27195.0,1,58
260,2017-09-29,100109999,做市商-中信中证资本,大商所,DCE,m1803-P-2700,豆粕期货期权,1803,人民币,-12.0,33.0,103.364,45.0,58.111,0.0,0.0,21382205.21,投,95.0,143244.0,0.0,0.0,0.0,0.0,0.0,0.0,0.0,143244.0,0.0,0.0,2748.0,31350.0,42750.0,1234350.0,31350.0,1,45
261,2017-09-29,100109999,做市商-中信中证资本,大商所,DCE,m1803-P-2750,豆粕期货期权,1803,人民币,-10.0,30.0,125.667,40.0,119.375,0.0,0.0,21382205.21,投,119.0,146528.0,0.0,0.0,0.0,0.0,0.0,0.0,0.0,146528.0,0.0,0.0,2748.0,35700.0,47600.0,1097200.0,35700.0,1,40
262,2017-09-29,100109999,做市商-中信中证资本,大商所,DCE,m1803-P-2800,豆粕期货期权,1803,人民币,21.0,40.0,162.75,19.0,197.526,0.0,0.0,21382205.21,投,147.0,74920.8,0.0,0.0,0.0,0.0,0.0,0.0,0.0,74920.8,0.0,0.0,2748.0,58800.0,27930.0,521170.0,58800.0,1,19
263,2017-09-29,100109999,做市商-中信中证资本,大商所,DCE,m1803-P-2900,豆粕期货期权,1803,人民币,20.0,30.0,228.5,10.0,259.5,0.0,0.0,21382205.21,投,211.5,45882.0,0.0,0.0,0.0,0.0,0.0,0.0,0.0,45882.0,0.0,0.0,2748.0,63450.0,21150.0,274300.0,63450.0,1,10
264,2017-09-29,100109999,做市商-中信中证资本,大商所,DCE,m1803-P-3050,豆粕期货期权,1803,人民币,10.0,30.0,329.667,20.0,337.0,0.0,0.0,21382205.21,投,328.5,115164.0,0.0,0.0,0.0,0.0,0.0,0.0,0.0,115164.0,0.0,0.0,2748.0,98550.0,65700.0,548600.0,98550.0,1,20
265,2017-09-29,100109999,做市商-中信中证资本,大商所,DCE,m1805-C-2400,豆粕期货期权,1805,人民币,-54.0,0.0,0.0,54.0,318.046,0.0,0.0,21382205.21,投,330.5,309787.2,0.0,0.0,0.0,0.0,0.0,0.0,0.0,309787.2,0.0,0.0,2702.0,0.0,178470.0,1449900.0,0.0,1,54
266,2017-09-29,100109999,做市商-中信中证资本,大商所,DCE,m1805-C-2450,豆粕期货期权,1805,人民币,-26.0,0.0,0.0,26.0,299.577,0.0,0.0,21382205.21,投,291.5,139016.8,0.0,0.0,0.0,0.0,0.0,0.0,0.0,139016.8,0.0,0.0,2702.0,0.0,75790.0,698100.0,0.0,1,26
267,2017-09-29,100109999,做市商-中信中证资本,大商所,DCE,m1805-C-2500,豆粕期货期权,1805,人民币,-46.0,0.0,0.0,46.0,252.337,0.0,0.0,21382205.21,投,255.0,229162.8,0.0,0.0,0.0,0.0,0.0,0.0,0.0,229162.8,0.0,0.0,2702.0,0.0,117300.0,1235100.0,0.0,1,46
268,2017-09-29,100109999,做市商-中信中证资本,大商所,DCE,m1805-C-2550,豆粕期货期权,1805,人民币,-1.0,10.0,324.5,11.0,302.727,0.0,0.0,21382205.21,投,221.5,51114.8,0.0,0.0,0.0,0.0,0.0,0.0,0.0,51114.8,0.0,0.0,2702.0,22150.0,24365.0,295350.0,22150.0,1,11
269,2017-09-29,100109999,做市商-中信中证资本,大商所,DCE,m1805-C-2600,豆粕期货期权,1805,人民币,-180.0,0.0,0.0,180.0,188.275,0.0,13.0,21382205.21,投,190.5,780624.0,0.0,0.0,0.0,13.0,13.0,13.0,0.0,780624.0,0.0,0.0,2702.0,0.0,342900.0,4833000.0,0.0,1,180
270,2017-09-29,100109999,做市商-中信中证资本,大商所,DCE,m1805-C-2650,豆粕期货期权,1805,人民币,-75.0,0.0,0.0,75.0,155.16,0.0,0.0,21382205.21,投,162.0,303885.0,0.0,0.0,0.0,0.0,0.0,0.0,0.0,303885.0,0.0,0.0,2702.0,0.0,121500.0,2013750.0,0.0,1,75
271,2017-09-29,100109999,做市商-中信中证资本,大商所,DCE,m1805-C-2700,豆粕期货期权,1805,人民币,-142.0,2.0,122.0,144.0,127.316,0.0,1.0,21382205.21,投,137.0,547459.2,0.0,0.0,0.0,1.0,1.0,1.0,0.0,547459.2,0.0,0.0,2702.0,2740.0,197280.0,3866400.0,2740.0,1,144
272,2017-09-29,100109999,做市商-中信中证资本,大商所,DCE,m1805-C-2750,豆粕期货期权,1805,人民币,-67.0,13.0,95.962,80.0,104.231,0.0,-2.0,21382205.21,投,115.0,267344.0,0.0,0.0,12.0,10.0,22.0,22.0,0.0,267344.0,0.0,0.0,2702.0,14950.0,92000.0,2148000.0,14950.0,1,80
273,2017-09-29,100109999,做市商-中信中证资本,大商所,DCE,m1805-C-2800,豆粕期货期权,1805,人民币,-80.0,30.0,104.083,110.0,90.209,0.0,10.0,21382205.21,投,95.5,318648.0,0.0,0.0,0.0,10.0,10.0,10.0,0.0,318648.0,0.0,0.0,2702.0,28650.0,105050.0,2953500.0,28650.0,1,110
274,2017-09-29,100109999,做市商-中信中证资本,大商所,DCE,m1805-C-2850,豆粕期货期权,1805,人民币,-70.0,34.0,99.206,104.0,78.755,0.0,0.0,21382205.21,投,78.5,257587.2,0.0,0.0,10.0,10.0,20.0,20.0,0.0,257587.2,0.0,0.0,2702.0,26690.0,81640.0,2792400.0,26690.0,1,104
275,2017-09-29,100109999,做市商-中信中证资本,大商所,DCE,m1805-C-2900,豆粕期货期权,1805,人民币,-73.0,34.0,102.882,107.0,68.505,0.0,9.0,21382205.21,投,64.0,222752.6,0.0,0.0,12.0,21.0,33.0,33.0,0.0,222752.6,0.0,0.0,2702.0,21760.0,68480.0,2872950.0,21760.0,1,107
276,2017-09-29,100109999,做市商-中信中证资本,大商所,DCE,m1805-C-2950,豆粕期货期权,1805,人民币,-127.0,32.0,88.813,159.0,62.962,0.0,5.0,21382205.21,投,51.5,275213.1,0.0,0.0,10.0,15.0,25.0,25.0,0.0,275213.1,0.0,0.0,2702.0,16480.0,81885.0,4269150.0,16480.0,1,159
277,2017-09-29,100109999,做市商-中信中证资本,大商所,DCE,m1805-C-3000,豆粕期货期权,1805,人民币,-15.0,30.0,64.75,45.0,51.356,0.0,-82.0,21382205.21,投,41.5,73390.5,0.0,0.0,103.0,21.0,124.0,124.0,0.0,73390.5,0.0,0.0,2702.0,12450.0,18675.0,1208250.0,12450.0,1,45
278,2017-09-29,100109999,做市商-中信中证资本,大商所,DCE,m1805-C-3050,豆粕期货期权,1805,人民币,70.0,105.0,38.452,35.0,43.629,105.0,-30.0,21382205.21,投,33.0,54106.5,0.0,0.0,145.0,10.0,155.0,155.0,0.0,54106.5,0.0,0.0,2702.0,34650.0,11550.0,939750.0,34650.0,1,35
279,2017-09-29,100109999,做市商-中信中证资本,大商所,DCE,m1805-C-3100,豆粕期货期权,1805,人民币,-48.0,34.0,36.353,82.0,36.476,0.0,-54.0,21382205.21,投,26.0,121023.8,0.0,0.0,80.0,26.0,106.0,106.0,0.0,121023.8,0.0,0.0,2702.0,8840.0,21320.0,2201700.0,8840.0,1,82
280,2017-09-29,100109999,做市商-中信中证资本,大商所,DCE,m1805-P-2400,豆粕期货期权,1805,人民币,168.0,191.0,18.168,23.0,38.174,-6.0,0.0,21382205.21,投,30.5,34980.7,0.0,0.0,14.0,20.0,34.0,34.0,0.0,34980.7,0.0,0.0,2702.0,58255.0,7015.0,617550.0,58255.0,1,23
281,2017-09-29,100109999,做市商-中信中证资本,大商所,DCE,m1805-P-2450,豆粕期货期权,1805,人民币,170.0,200.0,27.78,30.0,71.0,7.0,0.0,21382205.21,投,41.0,48777.0,0.0,0.0,20.0,13.0,33.0,33.0,0.0,48777.0,0.0,0.0,2702.0,82000.0,12300.0,805500.0,82000.0,1,30
282,2017-09-29,100109999,做市商-中信中证资本,大商所,DCE,m1805-P-2500,豆粕期货期权,1805,人民币,81.0,113.0,37.235,32.0,35.891,45.0,0.0,21382205.21,投,54.5,62937.6,0.0,0.0,55.0,10.0,65.0,65.0,0.0,62937.6,0.0,0.0,2702.0,61585.0,17440.0,859200.0,61585.0,1,32
283,2017-09-29,100109999,做市商-中信中证资本,大商所,DCE,m1805-P-2550,豆粕期货期权,1805,人民币,78.0,109.0,50.619,31.0,102.758,1.0,0.0,21382205.21,投,70.0,73525.8,0.0,0.0,11.0,10.0,21.0,21.0,0.0,73525.8,0.0,0.0,2702.0,76300.0,21700.0,832350.0,76300.0,1,31
284,2017-09-29,100109999,做市商-中信中证资本,大商所,DCE,m1805-P-2600,豆粕期货期权,1805,人民币,97.0,135.0,70.03,38.0,79.079,43.0,0.0,21382205.21,投,89.0,106848.4,0.0,0.0,63.0,20.0,83.0,83.0,0.0,106848.4,0.0,0.0,2702.0,120150.0,33820.0,1020300.0,120150.0,1,38
285,2017-09-29,100109999,做市商-中信中证资本,大商所,DCE,m1805-P-2650,豆粕期货期权,1805,人民币,65.0,101.0,102.069,36.0,109.653,-10.0,0.0,21382205.21,投,110.5,117964.8,0.0,0.0,0.0,10.0,10.0,10.0,0.0,117964.8,0.0,0.0,2702.0,111605.0,39780.0,966600.0,111605.0,1,36
286,2017-09-29,100109999,做市商-中信中证资本,大商所,DCE,m1805-P-2700,豆粕期货期权,1805,人民币,76.0,93.0,125.925,17.0,135.706,20.0,0.0,21382205.21,投,135.0,64120.6,0.0,0.0,30.0,10.0,40.0,40.0,0.0,64120.6,0.0,0.0,2702.0,125550.0,22950.0,456450.0,125550.0,1,17
287,2017-09-29,100109999,做市商-中信中证资本,大商所,DCE,m1805-P-2750,豆粕期货期权,1805,人民币,24.0,61.0,147.197,37.0,134.108,0.0,0.0,21382205.21,投,162.5,150101.6,0.0,0.0,0.0,0.0,0.0,0.0,0.0,150101.6,0.0,0.0,2702.0,99125.0,60125.0,993450.0,99125.0,1,37
288,2017-09-29,100109999,做市商-中信中证资本,大商所,DCE,m1805-P-2800,豆粕期货期权,1805,人民币,-70.0,0.0,0.0,70.0,167.343,0.0,0.0,21382205.21,投,192.5,304976.0,0.0,0.0,0.0,0.0,0.0,0.0,0.0,304976.0,0.0,0.0,2702.0,0.0,134750.0,1879500.0,0.0,1,70
289,2017-09-29,100109999,做市商-中信中证资本,大商所,DCE,m1805-P-2850,豆粕期货期权,1805,人民币,-40.0,0.0,0.0,40.0,265.5,0.0,0.0,21382205.21,投,225.5,187472.0,0.0,0.0,0.0,0.0,0.0,0.0,0.0,187472.0,0.0,0.0,2702.0,0.0,90200.0,1074000.0,0.0,1,40
290,2017-09-29,100109999,做市商-中信中证资本,大商所,DCE,m1805-P-2900,豆粕期货期权,1805,人民币,-56.0,0.0,0.0,56.0,275.045,0.0,0.0,21382205.21,投,261.0,282340.8,0.0,0.0,0.0,0.0,0.0,0.0,0.0,282340.8,0.0,0.0,2702.0,0.0,146160.0,1503600.0,0.0,1,56
291,2017-09-29,100109999,做市商-中信中证资本,大商所,DCE,m1805-P-2950,豆粕期货期权,1805,人民币,9.0,10.0,309.0,1.0,343.5,0.0,0.0,21382205.21,投,298.5,5416.8,0.0,0.0,0.0,0.0,0.0,0.0,0.0,5416.8,0.0,0.0,2702.0,29850.0,2985.0,26850.0,29850.0,1,1
292,2017-09-29,100109999,做市商-中信中证资本,大商所,DCE,m1807-C-2700,豆粕期货期权,1807,人民币,-20.0,0.0,0.0,20.0,139.75,0.0,20.0,21382205.21,投,163.5,81876.0,0.0,0.0,0.0,20.0,20.0,20.0,0.0,81876.0,0.0,0.0,2732.0,0.0,32700.0,545800.0,0.0,1,20
293,2017-09-29,100109999,做市商-中信中证资本,大商所,DCE,m1807-C-2800,豆粕期货期权,1807,人民币,-10.0,0.0,0.0,10.0,98.5,0.0,10.0,21382205.21,投,118.5,33038.0,0.0,0.0,0.0,10.0,10.0,10.0,0.0,33038.0,0.0,0.0,2732.0,0.0,11850.0,272900.0,0.0,1,10
294,2017-09-29,100109999,做市商-中信中证资本,大商所,DCE,m1807-C-2850,豆粕期货期权,1807,人民币,-10.0,0.0,0.0,10.0,84.0,0.0,0.0,21382205.21,投,99.5,28638.0,0.0,0.0,0.0,0.0,0.0,0.0,0.0,28638.0,0.0,0.0,2732.0,0.0,9950.0,272900.0,0.0,1,10
295,2017-09-29,100109999,做市商-中信中证资本,大商所,DCE,m1807-C-2900,豆粕期货期权,1807,人民币,10.0,30.0,103.333,20.0,93.25,20.0,0.0,21382205.21,投,83.5,49076.0,0.0,0.0,20.0,0.0,20.0,20.0,0.0,49076.0,0.0,0.0,2732.0,25050.0,16700.0,545800.0,25050.0,1,20
296,2017-09-29,100109999,做市商-中信中证资本,大商所,DCE,m1807-C-2950,豆粕期货期权,1807,人民币,10.0,20.0,87.5,10.0,82.5,20.0,0.0,21382205.21,投,69.0,20588.0,0.0,0.0,20.0,0.0,20.0,20.0,0.0,20588.0,0.0,0.0,2732.0,13800.0,6900.0,272900.0,13800.0,1,10
297,2017-09-29,100109999,做市商-中信中证资本,大商所,DCE,m1807-C-3000,豆粕期货期权,1807,人民币,15.0,45.0,72.167,30.0,62.0,30.0,0.0,21382205.21,投,57.0,53982.0,0.0,0.0,30.0,0.0,30.0,30.0,0.0,53982.0,0.0,0.0,2732.0,25650.0,17100.0,818700.0,25650.0,1,30
298,2017-09-29,100109999,做市商-中信中证资本,大商所,DCE,m1807-P-2450,豆粕期货期权,1807,人民币,-30.0,20.0,47.5,50.0,38.9,0.0,20.0,21382205.21,投,42.5,82720.0,0.0,0.0,0.0,20.0,20.0,20.0,0.0,82720.0,0.0,0.0,2732.0,8500.0,21250.0,1364500.0,8500.0,1,50
299,2017-09-29,100109999,做市商-中信中证资本,大商所,DCE,m1807-P-2500,豆粕期货期权,1807,人民币,-30.0,0.0,0.0,30.0,32.667,0.0,10.0,21382205.21,投,55.0,55464.0,0.0,0.0,0.0,10.0,10.0,10.0,0.0,55464.0,0.0,0.0,2732.0,0.0,16500.0,818700.0,0.0,1,30
300,2017-09-29,100109999,做市商-中信中证资本,大商所,DCE,m1807-P-2550,豆粕期货期权,1807,人民币,-20.0,10.0,54.5,30.0,52.833,0.0,20.0,21382205.21,投,70.5,67614.0,0.0,0.0,0.0,20.0,20.0,20.0,0.0,67614.0,0.0,0.0,2732.0,7050.0,21150.0,818700.0,7050.0,1,30
301,2017-09-29,100109999,做市商-中信中证资本,大商所,DCE,m1807-P-2600,豆粕期货期权,1807,人民币,-30.0,0.0,0.0,30.0,71.0,0.0,20.0,21382205.21,投,88.0,80364.0,0.0,0.0,0.0,20.0,20.0,20.0,0.0,80364.0,0.0,0.0,2732.0,0.0,26400.0,818700.0,0.0,1,30
302,2017-09-29,100109999,做市商-中信中证资本,大商所,DCE,m1807-P-2650,豆粕期货期权,1807,人民币,0.0,10.0,78.5,10.0,92.5,0.0,10.0,21382205.21,投,108.5,31338.0,0.0,0.0,0.0,10.0,10.0,10.0,0.0,31338.0,0.0,0.0,2732.0,10850.0,10850.0,272900.0,10850.0,1,10
303,2017-09-29,100109999,做市商-中信中证资本,大商所,DCE,m1808-C-2700,豆粕期货期权,1808,人民币,0.0,10.0,149.0,10.0,145.5,0.0,10.0,21382205.21,投,155.5,40147.0,0.0,0.0,0.0,10.0,10.0,10.0,0.0,40147.0,0.0,0.0,2733.0,15550.0,15550.0,273000.0,15550.0,1,10
304,2017-09-29,100109999,做市商-中信中证资本,大商所,DCE,m1808-C-2750,豆粕期货期权,1808,人民币,-20.0,10.0,132.0,30.0,129.0,0.0,20.0,21382205.21,投,131.5,110691.0,0.0,0.0,0.0,20.0,20.0,20.0,0.0,110691.0,0.0,0.0,2733.0,13150.0,39450.0,819000.0,13150.0,1,30
305,2017-09-29,100109999,做市商-中信中证资本,大商所,DCE,m1808-C-2800,豆粕期货期权,1808,人民币,-2.0,30.0,122.833,32.0,117.281,10.0,10.0,21382205.21,投,110.0,103190.4,0.0,0.0,10.0,10.0,20.0,20.0,0.0,103190.4,0.0,0.0,2733.0,33000.0,35200.0,873600.0,33000.0,1,32
306,2017-09-29,100109999,做市商-中信中证资本,大商所,DCE,m1808-C-2850,豆粕期货期权,1808,人民币,10.0,20.0,105.25,10.0,104.5,10.0,0.0,21382205.21,投,91.5,27897.0,0.0,0.0,10.0,0.0,10.0,10.0,0.0,27897.0,0.0,0.0,2733.0,18300.0,9150.0,273000.0,18300.0,1,10
307,2017-09-29,100109999,做市商-中信中证资本,大商所,DCE,m1808-C-2900,豆粕期货期权,1808,人民币,10.0,20.0,106.75,10.0,94.0,20.0,0.0,21382205.21,投,75.5,23797.0,0.0,0.0,20.0,0.0,20.0,20.0,0.0,23797.0,0.0,0.0,2733.0,15100.0,7550.0,273000.0,15100.0,1,10
308,2017-09-29,100109999,做市商-中信中证资本,大商所,DCE,m1808-C-2950,豆粕期货期权,1808,人民币,-30.0,20.0,90.0,50.0,75.7,0.0,20.0,21382205.21,投,62.0,99735.0,0.0,0.0,0.0,20.0,20.0,20.0,0.0,99735.0,0.0,0.0,2733.0,12400.0,31000.0,1365000.0,12400.0,1,50
309,2017-09-29,100109999,做市商-中信中证资本,大商所,DCE,m1808-C-3000,豆粕期货期权,1808,人民币,-10.0,10.0,78.0,20.0,50.25,0.0,20.0,21382205.21,投,50.0,34597.0,0.0,0.0,0.0,20.0,20.0,20.0,0.0,34597.0,0.0,0.0,2733.0,5000.0,10000.0,546000.0,5000.0,1,20
310,2017-09-29,100109999,做市商-中信中证资本,大商所,DCE,m1808-C-3050,豆粕期货期权,1808,人民币,-10.0,0.0,0.0,10.0,48.5,0.0,10.0,21382205.21,投,40.5,16348.5,0.0,0.0,0.0,10.0,10.0,10.0,0.0,16348.5,0.0,0.0,2733.0,0.0,4050.0,273000.0,0.0,1,10
311,2017-09-29,100109999,做市商-中信中证资本,大商所,DCE,m1808-P-2450,豆粕期货期权,1808,人民币,-20.0,30.0,48.5,50.0,34.8,0.0,10.0,21382205.21,投,36.5,79742.5,0.0,0.0,0.0,10.0,10.0,10.0,0.0,79742.5,0.0,0.0,2733.0,10950.0,18250.0,1365000.0,10950.0,1,50
312,2017-09-29,100109999,做市商-中信中证资本,大商所,DCE,m1808-P-2500,豆粕期货期权,1808,人民币,-30.0,20.0,66.0,50.0,46.9,0.0,20.0,21382205.21,投,48.5,88985.0,0.0,0.0,0.0,20.0,20.0,20.0,0.0,88985.0,0.0,0.0,2733.0,9700.0,24250.0,1365000.0,9700.0,1,50
313,2017-09-29,100109999,做市商-中信中证资本,大商所,DCE,m1808-P-2550,豆粕期货期权,1808,人民币,20.0,30.0,53.5,10.0,72.0,10.0,0.0,21382205.21,投,63.0,21747.0,0.0,0.0,10.0,0.0,10.0,10.0,0.0,21747.0,0.0,0.0,2733.0,18900.0,6300.0,273000.0,18900.0,1,10
314,2017-09-29,100109999,做市商-中信中证资本,大商所,DCE,m1808-P-2600,豆粕期货期权,1808,人民币,-10.0,20.0,88.0,30.0,90.5,20.0,0.0,21382205.21,投,80.0,77841.0,0.0,0.0,20.0,0.0,20.0,20.0,0.0,77841.0,0.0,0.0,2733.0,16000.0,24000.0,819000.0,16000.0,1,30
315,2017-09-29,100109999,做市商-中信中证资本,大商所,DCE,m1808-P-2650,豆粕期货期权,1808,人民币,-20.0,0.0,0.0,20.0,91.5,0.0,20.0,21382205.21,投,100.0,60894.0,0.0,0.0,0.0,20.0,20.0,20.0,0.0,60894.0,0.0,0.0,2733.0,0.0,20000.0,546000.0,0.0,1,20
316,2017-09-29,100109999,做市商-中信中证资本,大商所,DCE,m1808-P-2950,豆粕期货期权,1808,人民币,0.0,20.0,344.25,20.0,314.5,0.0,0.0,21382205.21,投,277.0,104594.0,0.0,0.0,0.0,0.0,0.0,0.0,0.0,104594.0,0.0,0.0,2733.0,55400.0,55400.0,546000.0,55400.0,1,20
317,2017-09-29,100109999,做市商-中信中证资本,大商所,DCE,m1809-C-2500,豆粕期货期权,1809,人民币,-30.0,0.0,0.0,30.0,302.0,0.0,0.0,21382205.21,投,286.0,159456.0,0.0,0.0,0.0,0.0,0.0,0.0,0.0,159456.0,0.0,0.0,2728.0,0.0,85800.0,813600.0,0.0,1,30
318,2017-09-29,100109999,做市商-中信中证资本,大商所,DCE,m1809-C-2550,豆粕期货期权,1809,人民币,-2.0,0.0,0.0,2.0,232.75,0.0,0.0,21382205.21,投,252.0,9950.4,0.0,0.0,0.0,0.0,0.0,0.0,0.0,9950.4,0.0,0.0,2728.0,0.0,5040.0,54240.0,0.0,1,2
319,2017-09-29,100109999,做市商-中信中证资本,大商所,DCE,m1809-C-2600,豆粕期货期权,1809,人民币,-56.0,0.0,0.0,56.0,209.098,0.0,0.0,21382205.21,投,220.5,260971.2,0.0,0.0,0.0,0.0,0.0,0.0,0.0,260971.2,0.0,0.0,2728.0,0.0,123480.0,1518720.0,0.0,1,56
320,2017-09-29,100109999,做市商-中信中证资本,大商所,DCE,m1809-C-2650,豆粕期货期权,1809,人民币,-1.0,0.0,0.0,1.0,185.5,0.0,0.0,21382205.21,投,192.0,4375.2,0.0,0.0,0.0,0.0,0.0,0.0,0.0,4375.2,0.0,0.0,2728.0,0.0,1920.0,27120.0,0.0,1,1
321,2017-09-29,100109999,做市商-中信中证资本,大商所,DCE,m1809-C-2700,豆粕期货期权,1809,人民币,-41.0,0.0,0.0,41.0,162.378,0.0,2.0,21382205.21,投,166.0,168723.2,0.0,0.0,0.0,2.0,2.0,2.0,0.0,168723.2,0.0,0.0,2728.0,0.0,68060.0,1111920.0,0.0,1,41
322,2017-09-29,100109999,做市商-中信中证资本,大商所,DCE,m1809-C-2750,豆粕期货期权,1809,人民币,-55.0,0.0,0.0,55.0,143.8,0.0,0.0,21382205.21,投,142.5,207361.0,0.0,0.0,0.0,0.0,0.0,0.0,0.0,207361.0,0.0,0.0,2728.0,0.0,78375.0,1491600.0,0.0,1,55
323,2017-09-29,100109999,做市商-中信中证资本,大商所,DCE,m1809-C-2800,豆粕期货期权,1809,人民币,-73.0,12.0,137.292,85.0,128.447,0.0,0.0,21382205.21,投,121.5,281367.0,0.0,0.0,0.0,0.0,0.0,0.0,0.0,281367.0,0.0,0.0,2728.0,14580.0,103275.0,2305200.0,14580.0,1,85
324,2017-09-29,100109999,做市商-中信中证资本,大商所,DCE,m1809-C-2850,豆粕期货期权,1809,人民币,-17.0,5.0,111.5,22.0,113.795,0.0,1.0,21382205.21,投,102.5,63144.4,0.0,0.0,0.0,1.0,1.0,1.0,0.0,63144.4,0.0,0.0,2728.0,5125.0,22550.0,596640.0,5125.0,1,22
325,2017-09-29,100109999,做市商-中信中证资本,大商所,DCE,m1809-C-2900,豆粕期货期权,1809,人民币,-8.0,39.0,96.397,47.0,94.862,0.0,31.0,21382205.21,投,86.5,115629.4,0.0,0.0,0.0,31.0,31.0,31.0,0.0,115629.4,0.0,0.0,2728.0,33735.0,40655.0,1274640.0,33735.0,1,47
326,2017-09-29,100109999,做市商-中信中证资本,大商所,DCE,m1809-C-2950,豆粕期货期权,1809,人民币,-105.0,34.0,88.235,139.0,85.396,0.0,-9.0,21382205.21,投,72.0,287062.8,0.0,0.0,11.0,2.0,13.0,13.0,0.0,287062.8,0.0,0.0,2728.0,24480.0,100080.0,3769680.0,24480.0,1,139
327,2017-09-29,100109999,做市商-中信中证资本,大商所,DCE,m1809-C-3000,豆粕期货期权,1809,人民币,-3.0,35.0,71.8,38.0,72.487,0.0,16.0,21382205.21,投,60.0,69448.8,0.0,0.0,0.0,16.0,16.0,16.0,0.0,69448.8,0.0,0.0,2728.0,21000.0,22800.0,1030560.0,21000.0,1,38
328,2017-09-29,100109999,做市商-中信中证资本,大商所,DCE,m1809-P-2550,豆粕期货期权,1809,人民币,62.0,80.0,56.313,18.0,63.5,0.0,0.0,21382205.21,投,75.5,41763.6,0.0,0.0,10.0,10.0,20.0,20.0,0.0,41763.6,0.0,0.0,2728.0,60400.0,13590.0,488160.0,60400.0,1,18
329,2017-09-29,100109999,做市商-中信中证资本,大商所,DCE,m1809-P-2600,豆粕期货期权,1809,人民币,107.0,114.0,80.259,7.0,84.5,2.0,0.0,21382205.21,投,94.0,19286.4,0.0,0.0,2.0,0.0,2.0,2.0,0.0,19286.4,0.0,0.0,2728.0,107160.0,6580.0,189840.0,107160.0,1,7
330,2017-09-29,100109999,做市商-中信中证资本,大商所,DCE,m1809-P-2650,豆粕期货期权,1809,人民币,108.0,109.0,99.211,1.0,93.5,0.0,0.0,21382205.21,投,114.5,3210.2,0.0,0.0,0.0,0.0,0.0,0.0,0.0,3210.2,0.0,0.0,2728.0,124805.0,1145.0,27120.0,124805.0,1,1
331,2017-09-29,100109999,做市商-中信中证资本,大商所,DCE,m1809-P-2750,豆粕期货期权,1809,人民币,114.0,116.0,144.672,2.0,156.0,2.0,0.0,21382205.21,投,164.0,8190.4,0.0,0.0,2.0,0.0,2.0,2.0,0.0,8190.4,0.0,0.0,2728.0,190240.0,3280.0,54240.0,190240.0,1,2
332,2017-09-29,100109999,做市商-中信中证资本,大商所,DCE,m1809-P-2800,豆粕期货期权,1809,人民币,3.0,8.0,200.125,5.0,173.0,1.0,0.0,21382205.21,投,192.5,21901.0,0.0,0.0,1.0,0.0,1.0,1.0,0.0,21901.0,0.0,0.0,2728.0,15400.0,9625.0,135600.0,15400.0,1,5
